rhoL,uL,TL,rhoR,uR,TR,s1,s2,s3,type
0.1395115,1.090593,1.025666,0.1721126,-0.8388595,1.151718,-2.827452,0.6409,-1.561537,3
0.4765607,1.496049,1.343286,1.70184,-0.5737042,1.039,-0.4219052,0.6657479,-3.251005,3
0.8752757,1.394304,1.364412,1.441905,-0.62038,1.215347,-0.7929178,0.5950043,-7.86533,3
0.7968739,0.8713558,1.169802,1.821944,-0.02722263,0.6570013,-0.1538554,-0.2537559,0.6316535,3
0.9154317,0.7819679,1.1765,0.885121,-0.9788123,1.085944,-10.62654,0.4776076,-1.916189,3
1.251929,0.6244078,0.7850565,0.4420195,-0.7908952,1.106745,-0.01133617,0.3687477,-2.165534,3
1.260487,1.217546,1.214857,0.925705,-0.1896299,1.30429,0.8447034,0.4675996,0.505754,3
1.905324,1.424524,1.340959,1.534028,-0.4080616,1.036091,-0.4504055,0.375924,0.02112679,3
1.293041,0.2551538,1.163232,1.192681,-1.105648,1.059124,-7.557052,0.5580762,-7.605724,3
1.127235,-0.1184497,0.19448,0.6876834,-1.579026,1.359185,-0.1436001,-0.2571487,-0.08856378,3
1.202854,0.8532664,1.332064,1.866545,-0.7323203,0.9465535,1.358485,0.2991364,0.9286835,3
0.9754419,0.7898143,1.130495,1.931363,-0.6242468,0.765362,0.7756896,0.3410268,6.840624,3
1.053661,0.5825609,0.7074047,0.5124565,-1.024331,1.01428,0.4198897,0.4988107,13.64103,3
0.6879196,-0.09822603,0.2963639,0.04772738,-1.156179,0.9871721,-0.165525,-0.7805937,-35.41576,3
0.6246877,1.300077,1.239521,0.2441734,-1.108865,1.014826,-0.9416441,0.6506041,-0.7192909,3
0.8779814,0.9785645,1.168844,1.572374,-0.1425486,0.5297894,0.2083439,-0.2497406,0.02271814,3
1.795766,0.2664646,0.2818421,0.8382884,-0.496177,0.6631044,0.6050625,0.05519129,0.2124302,3
1.915419,0.3315766,1.12943,0.865747,-1.641386,1.411412,-0.8440306,0.7556121,-12.09789,3
1.351389,0.6504833,0.7428113,1.095446,-1.050394,1.28734,3.565548,0.2296329,-0.0451184,3
1.713652,0.8522079,0.879397,1.912222,-0.4724659,0.6126885,2.589049,0.3029833,0.1794328,3
1.879299,0.8194671,1.201283,1.453693,-0.5217175,1.136349,-0.8518993,0.1012612,-0.7790274,3
0.7597495,0.8570016,0.8250102,1.015235,-1.480574,1.360381,-2.746212,0.5880772,-0.1116063,3
0.06064903,0.6377617,0.880303,1.136759,-0.2755887,0.2619439,0.002101342,0.245703,-1.570774,3
1.016739,0.3497064,1.092659,1.089771,-1.047355,1.361098,-2.894365,0.009649427,-0.3614608,3
1.054035,0.001635623,0.4670919,0.2479398,-0.8089308,0.7535481,-0.2705554,0.362594,-3.183624,3
0.4704911,1.443545,1.371741,1.651789,-0.5654228,0.9883828,-0.1970989,0.6046838,-3.879074,3
0.9212935,0.8605869,1.071647,1.525743,-0.8787102,0.9836082,-0.1638069,0.5174228,-1.352631,3
0.3001986,0.609222,0.9055513,0.2086628,-1.176832,1.30227,0.8264035,0.3490201,0.9495264,3
0.7110165,0.3421393,0.2999716,0.5272337,-0.4008813,0.6380885,2.05757,0.1003005,-0.1507277,3
1.68208,1.581991,1.348841,1.772062,-0.3059723,0.5370297,3.63919,0.2380696,0.2123521,3
0.9350591,0.5086868,1.207177,1.422869,-0.7525253,0.8242963,1.70851,0.3572756,-0.5113242,3
0.8980411,0.7844085,1.04928,1.821452,-1.052966,1.173521,-0.8419715,0.3382523,-0.802603,3
1.512529,0.4098387,0.8959078,1.036872,-0.2980868,1.086289,0.2695603,-0.0496158,-3.751216,3
1.660221,0.5852788,0.9475031,0.6510371,-1.354387,1.412899,0.1723695,0.4674697,-30.28085,3
0.3992353,0.2870622,0.6840237,0.09894734,-0.7891553,1.303006,0.1642997,0.01572617,-11.9529,3
0.2484734,0.8436729,1.028487,0.7178957,-0.2992763,0.3115517,0.5800784,-0.05609499,0.4344026,3
1.540814,1.198382,1.205467,1.935137,-0.008371307,0.7521104,-0.5028439,0.07379162,0.1359805,3
0.3222665,0.6894201,1.327864,0.5980142,-0.4746423,0.9029652,0.5767196,0.01553809,1.599684,3
1.992883,-0.3348084,0.8653478,0.954646,-1.282631,1.140839,-0.8616237,1.374324,61.35842,3
1.320605,0.395683,0.433769,0.8507217,-0.3455203,0.553851,0.4201974,0.2141678,-3.095705,3
0.9466899,1.121678,1.039605,0.4163518,-0.719478,1.153969,-0.1814777,0.5626568,-0.6509255,3
1.8155,0.1093045,0.3372521,0.1490118,-1.385996,1.320493,0.005879162,-0.08769921,5.459117,3
1.119801,0.9286277,1.024577,0.8932989,-0.5882554,0.7407236,-2.087635,0.2783571,-0.2985078,3
1.381834,0.1698267,1.245505,0.8184342,-1.518697,1.306733,-1.733558,0.8873664,-6.626101,3
0.7293899,0.402582,0.6374891,0.2270617,-0.4680658,1.263564,0.4738834,0.08991415,1.860675,3
1.814619,0.6748813,0.6108561,1.735955,-0.8213764,0.8396509,11.18786,0.526543,0.05803156,3
0.5829513,0.6273981,1.359334,0.8335014,-0.6789542,0.8774977,2.33226,0.1458884,-0.4997391,3
0.9307793,-0.06089057,0.7189069,0.3293092,-1.495247,1.361314,-0.490143,0.3723162,2.223881,3
1.940835,0.203736,0.3621595,0.3568603,-1.063783,1.145351,0.1526862,-0.06518078,1.808916,3
1.973835,1.498976,1.289003,0.6452603,-0.8992085,1.391205,-0.32578,0.6850395,-0.593103,3
0.8464192,1.579684,1.372871,0.8933254,-0.05905976,0.281146,0.02919911,-0.0118374,0.05500711,3
1.092786,0.4268901,0.7593767,1.042772,-1.029104,1.197922,8.138525,0.06541402,-0.16599,3
1.303735,1.431036,1.304613,1.958104,-0.1369056,0.8038744,-0.5371758,0.3143079,0.7338899,3
1.62312,0.2498963,0.9978561,1.531855,-0.8386776,1.036924,-3.376161,0.1797948,1.764931,3
0.9229251,0.2938308,0.9757685,1.292591,-0.5582412,0.7420945,1.062213,0.16929,-0.9820768,3
0.8427824,0.4224417,0.4873089,0.5360467,-0.4847937,0.8848598,1.39873,0.0866345,-0.1590895,3
0.07149385,0.5660883,0.7425852,0.3375562,-0.2243008,0.3217658,0.2404201,0.104094,4.770523,3
1.344356,0.4439135,0.3948883,1.895788,-0.6345642,0.7528514,-1.914374,0.1076133,-0.2942424,3
1.760041,0.9002176,0.9286522,0.8804349,-0.7544102,1.38733,0.8933441,0.5392442,-66.21776,3
0.7905609,1.025801,1.239044,0.4613795,-0.6978483,1.390326,-0.1189115,0.3596224,-1.126421,3
0.4849557,0.9794378,1.052832,1.294867,-0.129695,0.515955,-0.07259901,-0.02209304,1.022594,3
0.5718927,0.748081,0.6752074,0.9904481,-1.374961,1.167583,-1.291943,0.5316206,-0.1137937,3
0.7652571,0.9553173,1.307649,1.873712,-0.07318906,0.7053375,-0.1056663,-0.2927568,0.7838843,3
1.658588,1.154,0.9890288,1.586611,0.1886856,0.9921105,10.01472,0.7075228,1.859589,3
1.294227,0.8806074,1.337648,1.578873,-0.4102612,1.219125,-0.6131614,0.06844868,5.775993,3
1.771447,0.8133104,0.7991362,1.648245,-0.3835465,0.8354952,3.390481,0.3789463,1.591112,3
0.2168015,0.975763,1.053797,0.6761051,-0.6895695,0.8767169,-0.4023966,0.4467336,-1.615365,3
0.6315061,0.7670333,0.9588804,0.828036,-1.18995,1.225375,-1.714945,0.4696265,-0.3222724,3
1.230527,0.3424922,0.8424186,1.169706,-0.7818841,0.9641466,0.07745385,0.1525556,0.2570967,3
0.6936926,0.7687762,1.165567,1.410346,-1.091738,1.25469,-0.8109427,0.2985425,-0.8939944,3
1.207734,1.039644,1.294476,1.341079,-0.5210236,0.5333045,8.562267,-0.05732167,-0.260611,3
0.4666762,1.441381,1.270755,0.3497293,-0.9081833,0.7729093,-2.819523,0.7353453,-0.005080714,3
0.6400218,0.2026757,0.5929649,1.429127,-0.5289605,0.4890688,0.02340513,0.2374459,-0.1747169,3
1.545002,0.3633079,0.5625021,0.6713681,-0.6702776,0.5674855,-0.4797648,0.3559818,-1.114438,3
0.7525829,0.9033189,1.180532,1.806874,-0.3089728,0.7147307,0.1229866,0.04586865,3.010665,3
1.43009,1.458525,1.317246,0.8642938,-1.031642,1.019167,-1.287156,0.7903047,-0.3586337,3
1.576133,0.3233827,1.251565,1.87588,-1.00455,1.276882,0.2706329,0.1639163,-0.09658088,3
0.4224772,0.2875692,1.283423,1.824618,-0.6981904,0.6471211,0.117299,0.4389518,-0.7946114,3
1.068205,1.020897,0.8752223,1.833816,0.2599754,0.6644586,-0.802098,0.8199699,2.334342,3
1.504242,-0.1442783,0.4924525,0.489928,-0.8693145,0.7751725,-0.3932009,0.7683848,-92.65279,3
0.3864354,0.7303542,0.7558383,0.6271764,-0.4167191,0.4331065,0.8723614,0.2930175,0.5585937,3
0.5195556,0.8150217,1.20377,0.4968472,-1.2627,1.235243,-4.37106,0.6669397,2.924622,3
0.429964,1.40904,1.230633,0.9942844,-1.359537,1.364686,-1.100101,0.9032927,-1.234266,3
1.092819,0.6961465,0.6432623,0.7366942,-0.6228592,0.8449193,1.123135,0.4873733,2.776992,3
1.229565,0.8006285,0.8626332,1.694932,-0.2581855,0.3978037,0.9024871,0.003758164,0.05073535,3
1.944794,1.056331,0.9341623,0.5331998,-1.256377,1.333776,-0.01546838,0.8922325,-1.98161,3
1.076438,0.4627367,0.5515265,0.9632273,-0.3106516,0.4354034,-1.700521,0.1409203,-0.1584756,3
1.563413,0.8863055,1.265247,1.325569,-1.074874,1.280849,-0.9647125,0.4955667,-3.237994,3
0.5630495,0.8853991,1.112931,1.226922,-0.3827152,0.3428052,1.056704,-0.02993505,0.2100359,3
0.4597827,1.296229,1.29292,1.993016,-0.5377349,0.5984857,0.6007216,0.502667,15.44195,3
0.9998612,0.6991214,1.376832,1.297193,-0.8669322,1.392133,-0.8509432,0.1337047,-1.242286,3
0.8952514,-0.03280327,0.08940294,1.075428,-1.192725,1.233137,-4.53431,-1.742297,-1.290718,3
1.230124,0.7475296,0.9421971,1.448592,-0.3314698,0.5865651,1.91738,0.01226613,-0.1173734,3
1.220104,0.1312681,0.4476675,0.5198541,-1.382302,1.381865,0.01757299,-0.204188,0.3474773,3
1.810073,0.7484488,0.7506012,0.6688504,-0.5232947,1.389779,0.7061832,0.4892798,2.618401,3
1.061014,0.7134802,0.8078435,1.580688,-0.9298802,0.8630465,-0.4420974,0.5733334,-0.3662661,3
1.59448,0.538458,0.9850617,1.205188,-0.8734208,1.173903,0.2541722,0.2088253,2.254856,3
1.747133,0.372379,1.013479,1.950083,-0.544662,0.8842118,2.376086,0.06254607,-1.201284,3
1.231539,0.06835233,1.343389,1.453776,-1.429805,1.397509,1.768374,0.4899762,0.6387687,3
0.7067032,0.9469945,1.369702,1.526754,-0.8684781,0.8766485,0.994836,0.5983015,16.3541,3
1.726664,0.5979593,1.138618,1.488837,-0.9606779,1.167274,-1.37676,0.3232985,-13.36142,3
1.978964,0.1299035,0.6588247,0.9848582,-1.5086,1.387311,-0.2514285,0.1575231,0.7497808,3
0.2332037,1.161708,1.155041,0.2862811,-0.1555094,0.7075343,-0.05988918,0.1075597,0.1654591,3
1.042251,0.6945624,1.105178,1.268637,-1.088434,1.000408,1.716933,0.6434604,0.8763189,3
1.047988,1.320874,1.293557,1.365937,-0.457511,0.6157373,1.683521,0.1910755,0.2338308,3
0.1932102,1.085049,1.035428,0.3182134,0.03196903,0.5572323,-0.3855974,0.09307208,0.299878,3
1.755986,0.03620047,0.8162913,1.377329,-1.133503,1.107036,-0.943762,0.260577,0.5877015,3
1.235697,0.9652491,0.9131925,0.3078085,-1.279964,1.372009,-0.02993924,0.8152578,-2.338737,3
1.07674,0.9524049,1.3802,1.029395,-0.6894988,1.340213,-0.3711341,0.2155192,-0.1224618,3
1.850631,1.303068,1.203793,0.6845514,-1.185265,1.288667,-0.4680686,0.812455,-1.097356,3
1.053151,1.072482,0.924481,0.9088135,-0.1717093,1.238475,5.628992,0.7615353,-3.195228,3
1.99532,0.9136856,1.308239,1.269045,-1.131363,1.183174,-1.622412,0.5278214,-1.546686,3
1.075536,0.8786381,0.8256088,1.567527,-0.7547414,1.205899,-2.937135,0.292787,-0.9340793,3
1.143486,1.269825,1.076411,1.135392,-0.561509,0.5308778,-74.29682,0.4827705,0.2803086,3
0.8384419,1.214214,1.242675,1.520071,0.05752977,0.1236168,-0.02782362,-0.4917331,-0.1057196,3
0.7416582,0.6244767,1.192229,0.7946342,-0.7550121,0.8096006,13.00107,0.2643777,-0.7466941,3
0.8289732,1.343364,1.197927,0.383503,-0.7172844,1.026299,-0.5303659,0.5138116,-0.3510423,3
1.068567,0.656724,0.6106642,0.4608601,-1.089873,1.157844,1.09673,0.5386471,2.211011,3
1.207207,0.6404888,0.6485469,1.971062,0.003427753,0.5820052,-0.687548,0.3009298,-4.75352,3
0.3952186,0.6003549,1.161916,1.137499,-0.1641875,0.6491005,0.0658759,-0.2245879,2.381055,3
0.6144913,0.7473395,1.36612,1.278528,-0.4191309,0.8987331,0.3760486,-0.02027145,3.082137,3
1.294447,0.2552723,0.7358232,1.397023,-0.3178186,0.6628046,1.757912,-0.03054269,-0.7274424,3
0.9310749,0.9761977,0.8731404,0.6793189,-1.046483,1.125139,2.055488,0.7980365,2.12017,3
1.695253,0.0221967,0.04140755,1.426647,-0.8204634,0.7191579,2.250144,-0.805864,-0.7063779,3
0.7250159,0.7383215,1.089209,1.44451,-0.9719803,1.083012,-0.5329148,0.3751365,-0.8751179,3
0.1997961,0.4725679,0.9347296,0.1444124,-1.457314,1.23928,-0.5270267,0.6341299,1.82277,3
1.973998,0.5287384,0.5008991,0.6202035,-0.2569231,0.6902238,-0.04471226,0.2330981,-0.3556134,3
0.5421655,0.1885094,1.385352,0.6306257,-1.034109,1.103077,4.404724,0.5175457,-3.600907,3
1.336406,1.295077,1.188266,1.577978,-0.2036662,1.412509,-6.087996,0.8001951,-3.301396,3
1.973209,0.2335334,0.3004625,0.7421133,-0.2300887,0.5437428,0.2672056,0.1001856,0.9333324,3
1.346258,-0.09154613,0.1000783,0.3928184,-1.297179,1.233359,-0.07660647,-0.6848844,0.02278236,3
1.038629,0.7005205,1.042521,0.4064805,-1.434669,1.225998,-0.4160146,0.7645892,-3.369421,3
0.4166988,-0.1540358,0.5202102,0.1523272,-0.8831376,0.835223,-0.3996859,0.5335347,4.450179,3
1.273257,0.1802417,0.3863313,0.2482977,-0.4815643,0.8801683,0.1596554,-0.01017619,18.86419,3
0.6009038,0.8610501,1.199222,1.621575,-0.4834054,0.711201,0.4742504,0.224368,11.51306,3
0.3576161,1.474406,1.324061,1.795748,0.2814366,0.4227114,-0.2740681,0.2697165,0.9891905,3
0.5670388,0.002480656,1.326622,1.211868,-0.9240702,0.8888363,0.4088797,0.5368187,1.339441,3
1.050051,0.1404539,0.4003413,0.6710446,-1.162778,1.204963,0.3573587,-0.2311151,-0.02390533,3
0.5036137,1.270612,1.300328,1.306764,-0.3443788,0.8815832,-0.2051038,0.3404863,-37.38635,3
0.3720043,1.047488,1.089887,0.5974751,-0.589026,0.6806934,0.9874859,0.4121999,1.008646,3
1.641882,0.1079554,0.6585222,0.760998,-1.464333,1.325842,-0.3164022,0.2195635,0.9925216,3
1.193954,0.2849332,1.012025,0.8589547,-1.462616,1.381225,-0.7062897,0.4223887,1.298448,3
1.135731,1.427045,1.24532,1.4963,-1.101234,1.130874,0.168679,1.043043,-25.34284,3
1.838624,0.8970038,0.9605733,0.8962578,-0.7510074,1.242597,0.2154785,0.4931518,-1.618074,3
0.4490272,0.1774905,1.369518,0.7952484,-0.9940225,1.002024,0.6685959,0.516407,1.359547,3
1.344257,0.2408295,0.3269301,0.4236697,-0.5212616,0.8948134,0.4267001,-0.1090507,0.2444921,3
1.009579,1.360157,1.214527,1.366631,-0.02422389,1.063596,-1.844099,0.6655447,4.012372,3
0.668281,0.5478859,1.341763,0.5438612,-1.424706,1.400686,-2.296215,0.6030983,20.00904,3
1.656334,1.377009,1.329301,1.083492,-1.040505,1.14045,-1.163098,0.7552081,-0.5382025,3
0.7522555,0.864756,1.137907,0.5192966,-0.400531,1.2344,0.03740259,0.1807667,-0.5854769,3
1.819922,0.8947066,1.275675,0.9213636,-0.9394467,1.26424,-0.930383,0.3071098,-1.466692,3
1.282212,0.6824154,0.7584699,0.9095592,-0.3664682,0.973267,1.07864,0.3025996,-2.641278,3
0.3209801,1.105385,1.084011,1.096428,-0.2894797,0.4059987,0.271729,0.1160093,1.382121,3
1.88323,0.08505622,0.07362039,0.1216532,-0.7276943,0.8121001,0.1320359,-0.2180827,0.9187381,3
0.875532,0.4042484,1.394692,1.288961,-1.033095,1.346228,-0.2274228,0.1592732,-0.67391,3
1.043166,1.173784,1.054082,0.9188687,-1.33243,1.301933,4.620446,1.005222,0.7171947,3
1.040519,0.8506128,1.361501,1.274094,-0.9408141,1.358274,-0.6438916,0.304162,-1.292999,3
0.2322008,0.3583832,1.043971,0.177367,-0.5978996,1.200543,0.04222468,-0.06674862,4.543614,3
1.989695,0.8656787,1.175769,1.100785,-0.6688344,1.231861,-0.5475104,0.2136352,-1.165575,3
1.097404,1.048004,1.347518,0.871151,-0.6666132,1.125863,-1.84131,0.2024449,-0.6483391,3
0.9542179,1.22554,1.038979,0.7700221,-0.1961711,1.25661,2.959728,0.7783036,7.072912,3
1.018077,1.110073,1.030372,0.8865118,-1.06489,1.104819,1.452676,0.8628305,-2.304293,3
1.741724,0.08536015,0.5896525,0.3985708,-1.157314,1.184008,-0.1945588,0.1160084,13.10565,3
0.9630954,0.7122703,1.408159,1.440803,-0.9755301,1.196392,0.5099023,0.3785932,-1.368782,3
1.109522,0.390816,0.388675,0.9406075,-1.114233,1.157784,3.972264,-0.02801862,-0.06093632,3
0.4404373,0.5315271,0.6790823,1.262662,-0.1685455,0.1798709,0.3510302,-0.1198317,0.1632746,3
1.362342,0.08808757,0.1324001,0.6141388,-1.205142,1.30875,0.304689,-0.7297941,-0.2174465,3
0.2129593,0.5042086,0.7962614,0.2304881,-0.9311496,0.9250866,-0.9201739,0.3874397,0.1503788,3
1.201655,0.8026671,1.074814,0.9094094,-1.010086,1.152411,-0.1616703,0.5026068,-3.986044,3
0.1540434,0.8027108,0.6784254,0.3799779,-0.4053137,0.5837794,-0.2393386,0.4413787,-1.887463,3
1.06621,0.9168267,0.8901322,0.5470355,-0.6865499,1.126414,0.2881844,0.5464728,-1.076376,3
0.9659306,1.292081,1.254661,1.381922,-1.228424,1.171766,0.06918739,1.012185,-2.141963,3
0.2692254,0.8611206,1.06655,1.783254,-0.3512874,0.5305148,-0.0081021,0.2918141,-2.728741,3
0.5107846,0.241707,0.8881487,0.3028906,-1.586519,1.406516,-0.4986748,0.450625,1.436965,3
0.4680854,1.370128,1.275813,0.2511985,-1.337266,1.313378,-0.4587802,1.039861,-1.334336,3
0.8066058,0.3049418,0.4635386,1.056712,-0.8122882,0.7843787,-1.055851,0.1303522,-0.09705874,3
0.4456455,0.6071476,1.206745,1.062133,-0.4654879,0.5540934,1.001283,0.06223923,0.1539019,3
0.4088967,0.9318985,0.8428028,1.214832,-0.1050786,0.3823465,-0.1112766,0.1272035,1.116238,3
0.8495008,0.5947149,1.098432,1.357194,-0.6001626,0.9192408,0.1484535,0.175844,-2.194745,3
0.7879712,0.2351479,0.5757977,0.1694973,-0.835924,1.324992,0.1673077,-0.1208432,4.604248,3
0.1216798,1.474426,1.270045,0.4532217,-0.2839171,0.2825167,0.3377749,0.1215318,1.211911,3
0.9195669,0.01549345,0.3746212,0.5000573,-1.369089,1.272543,-0.1544802,-0.1389307,0.125212,3
0.7612165,0.5212085,0.6996136,0.4676309,-0.7809376,0.762945,-0.2498254,0.4246059,-2.288735,3
0.3084856,0.1758972,0.7577995,0.4237956,-0.5608836,0.5140765,1.612337,0.3678261,-1.069505,3
1.629759,1.220064,1.371705,1.76805,-0.7017677,1.024331,4.527328,0.3701096,0.1160174,3
1.521951,1.080716,1.261287,1.163549,-0.9727648,1.089426,-1.91335,0.5566956,-0.7827496,3
1.740808,0.07038293,0.3896007,0.6729791,-1.034951,1.168618,0.005581709,-0.3642948,0.1681557,3
0.7361411,0.9602889,1.251012,1.342665,-0.5047846,0.8169171,0.5461907,0.17857,1.54068,3
0.1812989,0.8626043,1.229224,0.6029924,-0.9408089,1.028863,-0.4280725,0.3918619,-1.165813,3
1.246692,0.4286627,0.7843624,0.7576833,-1.015528,0.9178244,-0.4642205,0.4776476,-31.77069,3
1.523106,0.3875851,0.8584543,1.77615,-1.300135,1.282918,-1.582004,0.2056069,-0.08854817,3
1.561139,0.2415592,1.211872,1.760594,-0.795761,1.123442,1.876582,0.1328047,2.7874,3
1.652627,1.111405,1.276764,1.119275,-0.6792523,1.105641,-1.0366,0.2965808,-0.6196764,3
1.577038,1.05316,0.9525542,1.316091,-1.347432,1.229105,2.999385,0.9778486,1.147892,3
1.515191,0.2248416,0.5007061,1.642603,-1.198657,1.029383,-1.440685,0.1964782,0.09731363,3
0.6982012,0.7016897,0.7268872,0.3185395,-0.6274578,1.255353,1.059958,0.4141746,1.175485,3
1.664444,0.3210381,0.5205481,0.7365924,-0.8599904,0.9662794,0.3011037,0.1251817,1.117766,3
0.8205993,0.3968837,0.9150441,1.091569,-1.105392,1.041689,-0.1015529,0.384412,0.004757489,3
1.984169,1.113474,0.9557068,1.403149,-0.3118074,0.7845391,-0.01401347,0.4048079,0.09587611,3
0.3929773,0.4042366,1.176322,0.3042153,-0.5162357,1.319887,0.09586955,-0.1239988,-7.902811,3
1.264804,0.1117314,0.7352285,0.928109,-0.7802788,0.9564238,-0.3321956,0.0428982,0.5759978,3
0.7351384,0.6983526,1.252955,0.8385149,-0.5840564,0.9228506,3.950922,0.05216643,-0.5504534,3
1.463954,0.5319716,0.6575322,0.6734416,-0.6243362,0.5328058,-0.7611028,0.3075897,-0.6158454,3
1.685655,0.2740422,0.5162696,0.1729109,-1.464002,1.406969,0.1697508,0.2911916,-17.48305,3
0.1915328,1.210771,1.236127,0.4009695,-0.6093807,0.623566,1.017366,0.4381705,1.385804,3
1.491424,0.3174977,0.3479012,0.9182034,-0.3631922,0.3248433,-0.3395312,0.2476484,-0.4102178,3
1.253404,0.601409,0.9352425,1.374438,-0.6141686,0.964236,-1.261149,0.1876734,-0.8925349,3
1.479961,0.2642315,0.8252738,0.3214406,-1.304426,1.328352,-0.1724504,0.383612,-4.077282,3
1.177917,0.6442454,1.272051,1.172435,-1.08804,1.320783,-21.65975,0.342453,1.052088,3
1.777148,1.090132,1.033132,1.065016,-0.6771447,1.083767,-0.03935213,0.5582392,-0.4497695,3
0.5708623,0.4038529,0.8108065,0.2557054,-1.373471,1.306266,-0.02627675,0.386803,3.574197,3
0.4124902,1.587423,1.374162,1.574378,-1.282876,1.142375,-0.4122474,1.065997,-1.729593,3
1.02447,0.7604468,0.8929955,0.7270651,-0.5583428,1.031238,0.5177029,0.3228552,-0.8331376,3
0.1913302,1.265388,1.245043,0.6700016,0.3187974,0.5330063,-0.3172436,-0.02683529,0.7480309,3
1.013692,0.7380798,1.123805,1.13072,-0.5923325,1.098749,-0.7185809,0.1719734,-4.461732,3
1.385121,0.4006999,0.8384785,1.831841,-0.474007,0.5849355,1.808137,0.1479965,-0.3747395,3
0.7014841,0.2666242,0.3447084,0.3247629,-1.105206,1.313627,0.6558325,-0.3464503,0.05346797,3
1.800615,1.056395,0.9923692,1.919438,-1.035658,1.128599,-6.754671,0.7702139,-0.6388631,3
1.700422,0.6229594,0.9511444,1.750709,-0.7923136,0.7343811,23.21501,0.4645026,-0.7402914,3
1.997732,0.6389911,0.6854367,1.775974,-1.187945,1.068948,3.629605,0.5496068,0.419259,3
1.815453,-0.0532586,0.1179393,0.2198011,-0.8757201,0.885327,-0.08961915,-0.99243,0.443829,3
1.677021,1.327542,1.214335,1.69093,-1.296902,1.280088,-28.24724,1.073178,-0.8180234,3
1.298802,1.475812,1.344382,0.6728978,-0.7507398,1.019838,-0.8112199,0.4833425,-0.3232499,3
1.570223,0.1700266,1.202076,1.003677,-1.258691,1.282692,-1.484319,0.5245065,-6.434414,3
1.425812,0.3859032,0.4742656,1.995992,-0.6804889,0.6046116,-0.5211477,0.3219677,-0.04344425,3
1.753484,0.9087368,0.7794287,1.690169,-0.6339328,0.6988767,-1.236805,0.6140393,0.4824168,3
1.491417,0.6446924,0.5532291,1.375562,-0.2854605,0.8038512,9.227865,0.4111897,-0.9137396,3
0.4405634,0.8532594,1.076132,1.702829,0.06315107,0.3660176,-0.125968,-0.7464502,0.2329042,3
1.530704,0.5987141,0.691947,1.442329,-1.408165,1.221955,7.247046,0.5119883,0.3475215,3
1.442491,0.58425,1.18161,1.765639,-0.8643476,1.015992,1.733722,0.3466196,-6.473759,3
0.122193,1.047019,1.102624,0.6616799,-0.2049322,0.499356,0.03668198,0.1292777,47.0189,3
1.246661,0.8274202,0.724818,0.401598,-1.398185,1.240093,0.8739214,0.9485013,-24.03663,3
0.648628,1.083238,1.180191,1.173988,-1.168067,1.19998,-0.6673324,0.7173505,-1.092771,3
1.708616,1.008033,0.9724886,1.684158,-0.1996342,0.8615507,12.45931,0.3390727,0.5592891,3
0.9303998,0.5835947,0.8712339,0.6344044,-0.2949947,0.9112796,-0.2399112,0.04928174,-0.6330509,3
1.324996,1.12492,1.172928,1.222221,-0.9960361,1.097039,-2.098035,0.7181765,-0.2664882,3
0.8643895,0.8013591,0.8553362,1.364196,-1.303449,1.128799,-1.009651,0.6605411,-0.1577599,3
1.317305,1.159356,1.20781,1.5407,-0.3476907,0.6927099,1.634397,0.09527745,0.05301931,3
0.7754753,0.3278873,1.195334,0.7859024,-0.8054252,1.001838,42.25929,0.2530031,-1.923858,3
0.3439858,0.7042341,1.021531,0.4636648,-0.6304302,0.9692573,-0.3141662,0.2432864,-1.729877,3
1.025526,0.874016,1.243343,0.4543501,-1.002207,1.366178,-0.6580255,0.3551259,-1.786309,3
0.3546098,0.702262,0.9938174,1.803694,-0.4465102,0.418725,0.415955,0.4050871,-111.5269,3
1.66707,0.4377092,0.9183053,1.138004,-1.40538,1.225803,-0.4750272,0.574859,2.063601,3
0.7616179,0.7655762,0.7211328,1.685442,-0.2389694,0.373895,0.1620058,0.1826074,0.9001834,3
0.2647246,1.578953,1.398839,1.011392,0.2872918,0.4201228,-0.2933632,-0.009156508,0.5576919,3
1.514017,-0.07752657,0.3715455,0.2988005,-0.9364721,1.064951,-0.1718273,-0.5964326,0.9193835,3
0.7262139,0.2045578,1.329173,0.6829652,-1.177953,1.159586,-12.02529,0.6180053,-4.723819,3
1.350729,0.886637,0.796295,1.117429,-0.3917875,0.8806502,1.661682,0.4854399,1.199277,3
0.5235958,0.7978058,0.7995054,1.856499,-0.399169,0.3688563,0.571797,0.3834384,3.710076,3
1.487783,0.8740028,1.288045,0.9757513,-1.502054,1.364927,-0.930045,0.8251292,-5.587691,3
1.761588,0.3213436,0.6265916,0.6948481,-0.4372541,1.057735,0.3823063,-0.002725539,2.417476,3
0.7340325,1.228711,1.300475,1.497713,-0.03086094,0.240316,0.04683356,-0.5008932,-0.05974588,3
0.9006491,1.042981,0.8854604,0.4575081,-0.8545298,1.111517,0.3933907,0.7820928,-1.092388,3
1.972271,1.006898,1.201304,0.7563109,-1.32167,1.339171,-0.5982418,0.6997181,-2.006444,3
1.695371,0.7720304,0.7389639,1.138502,-0.3601291,0.8437764,0.4568019,0.3826306,0.03497238,3
0.635331,0.7084488,0.6579484,1.509075,-0.02804788,0.2275776,-0.09221059,-0.02627706,0.2322037,3
1.986161,0.5186397,0.8781628,0.6530033,-1.179648,1.141284,-0.2408652,0.5071176,-3.008574,3
1.814581,1.334038,1.373221,1.223409,-1.364106,1.248599,-1.476526,0.9961289,-1.196238,3
0.9120404,0.7426467,1.366156,1.615777,-0.7311455,1.241883,-0.5287325,0.1434014,-1.764757,3
0.3135547,1.141275,1.037133,1.053512,-0.8565602,0.7637661,-0.0206754,0.823177,-1.941376,3
1.816518,0.5230694,0.5811632,1.828776,-1.521246,1.334064,-80.61412,0.3266335,0.159325,3
1.561605,0.4162128,0.9597902,1.932736,-0.5876416,0.9459293,-0.2687222,0.06879987,-0.7055584,3
0.5102732,1.434404,1.273308,0.1947702,0.03221897,0.04612977,-0.1542008,-0.1755186,-0.1312466,3
1.124926,0.9378014,1.348992,1.648377,-0.421007,1.241266,-0.7946296,0.1324873,-4.120499,3
1.717673,0.5177168,1.044402,1.981342,-0.5940644,0.8327833,3.046646,0.146319,-0.6383104,3
1.334468,0.765082,0.8423738,0.4576768,-1.169799,1.194091,0.1281124,0.6772047,-3.46127,3
0.6378797,0.9689211,1.19904,0.5126469,-0.612738,1.108495,-0.83331,0.2669394,-0.5087906,3
0.2000111,1.518905,1.343825,1.637707,-0.3663972,0.5819744,0.2420319,0.4945159,-8.481684,3
1.271465,1.251313,1.101826,1.880506,-1.166926,1.298446,-2.003646,0.8437112,-1.108146,3
0.2510334,1.233193,1.404638,1.465054,0.3403017,0.4620169,-0.2010048,0.78669,0.685676,3
1.168,1.209124,1.215369,1.919371,-0.4264628,0.9863701,-0.4876638,0.419405,12.02953,3
1.420188,-0.03646706,0.3563826,0.1386706,-0.8843122,1.158092,-0.1126254,-0.9546268,6.724443,3
0.7927372,0.1050311,0.222881,0.1908424,-1.227472,1.183164,0.02046955,-0.2788784,0.6005581,3
0.09333181,0.5808467,0.71688,0.3212626,-0.6275326,0.5953256,-0.1965048,0.3513099,-0.6361947,3
1.073865,1.11182,1.259106,1.961748,-0.4233498,0.9808649,-0.2502127,0.2881238,146.762,3
1.550116,1.206825,1.239689,0.5895267,-1.311662,1.277875,-0.6936644,0.7933978,-1.42187,3
1.095491,0.8868403,1.190087,1.334202,-0.5726384,0.5479845,4.80269,0.08733111,-0.2151549,3
1.005651,-0.1582367,0.3347794,0.2832488,-1.214842,1.181631,-0.2191145,-0.4223751,0.2814326,3
0.1397889,0.674929,0.6391154,0.2640586,-0.7988779,0.7679861,-0.69762,0.4609139,-0.4345873,3
0.1723657,0.945919,0.87555,0.161953,-0.9332611,0.9230922,2.307663,0.7636144,1.357854,3
1.329112,1.067984,1.011267,1.668968,0.01482292,0.7234786,-0.9760911,0.2565126,0.4501989,3
1.143397,0.4983221,1.088055,1.125052,-1.151349,1.13673,-14.41299,0.4845471,1.489199,3
1.447471,-0.1800134,0.7687895,1.493164,-1.009403,0.8808687,9.214459,0.4613404,0.5999749,3
0.5750333,1.06093,1.053906,1.156849,-0.2467259,0.5916492,0.008442149,0.1632162,1.020795,3
0.6346677,1.003475,1.400547,0.9815891,-1.329618,1.13723,1.227176,0.9566844,-1.006034,3
1.918611,1.23983,1.282784,1.685415,-0.9464372,1.27322,0.3557401,0.6760887,-0.02494136,3
1.205972,0.46631,0.422303,0.1584363,-0.8092842,1.230808,0.383281,0.4563011,-43.47879,3
0.3536915,0.09889135,1.058504,0.3152241,-1.182822,1.064096,-4.527479,0.6166379,5.320422,3
1.018853,1.168116,1.307964,1.366542,-0.002467236,0.9386574,-0.6183257,0.06712851,0.3918868,3
0.1516491,0.8652099,0.7458633,0.8478913,0.08922207,0.2509167,-0.1781965,0.207741,1.096022,3
1.610324,1.613923,1.396207,1.314085,-0.5862538,0.6952203,-2.513264,0.4199268,0.1139454,3
0.6121111,-0.4767032,1.28646,0.5615057,-1.647503,1.393661,-7.151178,1.149915,2.419624,3
1.524607,0.9192034,0.9109097,1.90212,-0.9769109,1.380673,-4.989959,0.3215855,-0.7785197,3
1.628039,1.292553,1.27051,1.534967,-0.9548784,0.8316432,-14.49256,0.7314619,0.00237248,3
1.080482,1.180557,1.325858,1.342599,-0.2751183,0.7191025,1.155215,-0.08375138,-0.08016532,3
1.594415,0.9968721,0.9244502,1.913351,-0.2846073,0.6770846,-0.2611977,0.3127824,0.5374262,3
0.6204949,0.8283017,0.9012169,0.858391,-0.9767841,1.097939,-1.650965,0.4756042,-0.5971241,3
1.821113,-0.01025968,0.0756605,0.246947,-0.8360108,0.8078893,-0.07139438,-0.4835363,0.4151612,3
0.3077934,0.7706051,1.266847,0.234657,-1.138785,1.094322,-2.969524,0.5765151,-1.709813,3
1.929432,0.6670676,0.5965623,0.7715442,-0.8474859,1.348256,1.50483,0.3836511,0.7411933,3
0.5432274,0.7406973,1.34585,0.1956567,-1.554046,1.410158,-1.078051,0.6789438,-2.573012,3
1.672043,0.1270591,0.2706661,0.789525,-1.03396,1.204315,0.3100977,-0.4964232,-0.08400288,3
1.156996,0.9460809,1.157642,1.756055,-0.141048,0.6918874,0.1076421,-0.126453,0.08192717,3
1.613269,1.075887,1.009356,1.708596,-0.9723569,1.272695,-13.81817,0.6585786,-0.823233,3
0.7645439,1.364543,1.186382,0.452175,-0.4565971,1.377116,0.576082,0.7213507,0.1887501,3
0.1214837,0.7048107,1.308868,0.2002698,-0.8838544,1.248453,-0.5316719,0.2176779,-1.280154,3
0.1971799,0.7564613,0.879968,1.171645,-0.007767924,0.02748442,-0.03894997,-0.7139818,0.2454236,3
1.900018,0.4444245,0.4596263,1.849595,-0.3071534,0.3817516,-3.954425,0.2159833,0.04073964,3
0.6080171,1.211647,1.163012,1.682809,-0.5414495,1.030647,-0.6584643,0.5077262,-2.349515,3
0.4080871,0.4161841,0.6253671,1.169184,-0.3183389,0.2749969,0.6573534,0.227424,0.6777491,3
0.558313,0.3315197,0.9122208,0.4408443,-0.8280735,0.789377,-2.678939,0.4106634,-1.752507,3
1.071654,0.6655405,0.8552565,0.9076898,-0.625716,1.091174,2.924487,0.2304108,-0.4506104,3
1.065995,-0.05529031,0.4562558,0.5314471,-1.356459,1.290938,-0.2629147,-0.1349646,0.1635721,3
0.6429893,1.408098,1.369345,1.179074,-0.5271706,0.7676063,0.5303853,0.3722385,1.295017,3
1.264932,1.01594,1.065018,1.075619,-1.135679,1.209591,1.706806,0.7496112,2.260792,3
1.487443,0.8905661,0.8640419,1.709264,0.03058951,0.07329526,0.139815,-0.2128658,-0.07490838,3
1.911522,0.428557,0.6136386,1.346181,-0.647103,0.7275969,0.1349502,0.2776609,6.565204,3
0.7251586,0.8846115,1.107238,0.5367377,-0.9941808,0.958775,-1.982063,0.586502,-1.051262,3
1.024967,1.271672,1.104742,1.53446,-0.08791908,0.7757543,-0.8325582,0.4498516,1.182814,3
0.7244791,1.156152,1.069852,1.944934,0.1170433,0.2209069,-0.1826829,-0.239691,0.1208713,3
0.5467288,0.563281,0.6432478,1.79794,-0.380775,0.5347732,-0.2794503,0.2144547,-0.9523913,3
1.297383,0.2631214,0.2574474,0.1378861,-0.9875945,1.222482,0.4142603,0.02552434,2.041752,3
0.7717282,1.165469,1.371431,0.4604743,-0.7713843,1.36494,-0.6076792,0.3624605,-0.9591729,3
1.105526,0.9863328,1.062219,1.501705,-0.3920109,1.215414,-2.675557,0.3806763,-1.978467,3
1.723443,0.6472756,1.155815,1.312838,-0.3923555,1.391909,1.016307,0.02600038,-1.300676,3
1.696068,0.3797317,0.4654559,1.819051,-0.5843678,0.707453,-5.410468,0.1304875,-0.192726,3
1.794329,1.018425,1.274874,1.615102,-0.9268382,0.8992887,-8.349801,0.4965224,-0.5228395,3
0.4925158,0.738552,0.7153046,1.053993,-0.5126285,0.4477404,0.7561954,0.5035107,4.225459,3
0.9734033,1.225,1.246044,1.485063,-0.1714949,1.258963,-1.871859,0.5720718,-3.765309,3
0.8085301,1.055222,1.168119,1.891322,-1.159877,1.137294,-0.53282,0.6849511,-1.049517,3
1.603474,0.5126719,0.9543747,1.231236,-0.6162049,0.9601423,-0.7393352,0.1339133,-1.455374,3
1.906149,0.7532291,0.9333438,0.4555675,-1.013302,1.34386,-0.3003662,0.4173905,-1.881876,3
1.55257,1.193203,1.274347,1.780602,-0.250773,0.7245543,1.390411,-0.01344448,-0.05468921,3
1.684246,0.6387281,0.7554107,1.891283,-1.275123,1.280565,-5.341784,0.316073,-0.1040285,3
0.9523492,1.44246,1.220401,1.923279,0.2114476,0.5460024,-0.5410442,0.3673223,0.4717576,3
0.1290603,0.6498511,0.6364315,0.6450087,0.001265405,0.04947881,-0.05946246,-0.3020246,0.23393,3
1.011345,0.6946399,0.7488726,1.579047,-1.305561,1.175612,-1.333681,0.4595395,-0.1570545,3
1.040077,-0.2104961,0.2875539,0.04482084,-0.8260297,1.381331,-0.1015356,0.2643015,-14.19591,3
1.075095,0.8245346,1.320643,1.911131,-0.9326336,1.272713,-0.6531661,0.2902175,-1.38263,3
0.7655186,1.132885,1.265339,0.6277788,-0.5710843,0.9665025,-1.90171,0.236013,-0.3236772,3
0.870717,-0.1185969,0.7389084,1.655384,-0.5919859,0.5399265,0.2749047,0.3522764,0.8681406,3
0.3602142,1.59486,1.356472,1.627125,-0.3450837,0.5775554,0.12736,0.3935992,5.560428,3
1.824008,0.6408751,0.9874228,1.70342,-1.099562,1.373507,6.720064,0.2079272,-0.1793549,3
1.639754,0.9155204,1.246872,1.973954,-0.408118,1.311967,-2.616449,0.1901943,-2.737234,3
1.608418,0.08611159,0.2871538,0.2502601,-0.6357548,0.7936321,0.01607104,-0.1129587,2.593202,3
0.860971,0.2866551,0.778444,1.99663,-0.511695,0.4807391,0.3810783,0.3336968,-1.435873,3
1.746509,-0.2001679,0.6021494,0.6634548,-0.9187182,0.9409343,-0.4329989,0.5415444,6.749392,3
1.636579,0.3950714,0.718264,1.999162,-0.8571702,0.8310858,-0.3031934,0.3224627,0.01295246,3
1.378098,1.488266,1.36964,1.510534,-0.4016914,1.325785,-5.53569,0.6826362,3.873324,3
1.124147,-0.06142811,1.05693,0.7750803,-1.439704,1.29994,-1.494699,0.662438,2.852032,3
1.026802,0.8960862,0.9298306,1.357123,-0.6001848,1.072765,-2.352536,0.3889304,-1.404716,3
0.528559,1.130489,1.395809,1.424973,-0.558046,0.5088584,1.163487,0.209742,0.8820989,3
0.7310904,0.2097028,0.5518025,0.4709857,-1.259737,1.291813,0.3558236,-0.08804592,0.1173453,3
1.249654,1.019831,0.8804048,0.4154502,-0.6621782,1.331977,0.193756,0.6677592,-0.9902768,3
1.971109,0.5337101,0.732941,1.894238,-0.7158367,0.7275383,-3.200201,0.3953707,7.083331,3
1.244071,0.6885378,0.7674462,1.421033,-1.206511,1.042696,-2.381704,0.6316347,0.1892081,3
0.3902274,0.2749759,0.9417015,0.4326426,-0.4353013,0.8753555,1.007332,-0.03738107,-4.18443,3
1.234541,0.215791,0.563019,0.3415364,-1.191622,1.089703,-0.08281101,0.2665909,5.733343,3
1.496597,0.520492,1.244955,1.790903,-0.8589998,0.9941117,3.208931,0.3412096,-1.484778,3
1.354806,0.911698,1.096218,1.118363,-0.4866338,1.391701,3.331438,0.331206,-1.737487,3
1.743978,0.05959475,0.8615963,1.587443,-1.296666,1.245686,-1.422228,0.2179908,0.2241671,3
1.476402,0.09723279,0.6858217,0.6780963,-0.9770134,1.083894,-0.2740312,0.07927996,1.984669,3
0.9090078,0.3888822,0.829028,1.027531,-0.6200753,0.9744544,-2.051947,0.01320767,-0.5402182,3
1.699471,1.393275,1.315792,1.843409,-0.373604,1.223244,-4.658762,0.5737006,2.122312,3
0.2560437,0.5533093,0.9146013,0.4893278,-0.09910101,0.6372606,-0.09590867,-0.1304512,1.618738,3
0.8428697,1.235238,1.34259,1.530156,-0.1186531,0.5145388,0.1365864,-0.2822579,0.04365226,3
1.884841,0.8044462,0.7859335,0.7213365,-0.9312845,1.219123,0.496605,0.6241493,-4.694289,3
1.9559,0.2507431,0.7732725,1.219737,-1.084241,1.151245,-0.1382874,0.166667,0.954023,3
0.8712181,0.7336341,1.072908,1.177548,-0.9833187,1.267911,-1.629293,0.2582676,-0.7557435,3
0.9382911,0.03338437,0.1728427,0.08942233,-0.4772758,0.6118999,-0.005635604,-0.1721421,2.115748,3
0.5288348,1.557246,1.350382,0.3463711,-0.5541083,0.5208716,-1.543428,0.2947985,0.007294177,3
1.700347,0.8730543,1.014442,1.600396,-0.4513846,0.9746304,1.162048,0.2717517,0.3466232,3
1.947637,0.0517571,0.0759782,1.661955,-0.5641616,0.5757875,1.2803,-0.3074436,-0.2166848,3
0.5574317,0.9637315,0.8308901,0.7780826,-0.189117,0.3902399,0.1342664,0.1879004,0.2989534,3
1.457122,0.5554217,0.6543987,1.583514,-0.1827632,0.6110607,-1.322121,0.1347499,0.8863921,3
0.6369957,0.3890439,0.3723644,0.9892453,-1.091001,0.943675,-1.156608,0.1525309,-0.08165723,3
1.824974,0.3078708,1.080947,1.963628,-0.9944835,1.091489,2.849617,0.3099406,0.8491332,3
1.743313,0.3829352,0.9810652,0.8573883,-1.207483,1.251482,-0.4160193,0.379733,-12.09552,3
1.85851,0.2124096,0.4563658,0.8209991,-0.5556357,0.6267605,-0.05368243,0.146766,-6.035605,3
0.8337442,-0.05985447,1.160633,1.236105,-1.030854,1.025629,0.583141,0.4241462,0.5944716,3
1.48318,0.2306543,0.6291393,0.9609395,-0.7974155,0.7542143,-0.5050894,0.309099,4.787355,3
0.5770233,1.11769,1.088696,0.9003391,-0.8014977,1.203234,-1.643355,0.5545426,-1.642118,3
0.1315197,1.383704,1.277587,1.316778,-0.05738972,0.2631637,-0.05984765,-0.2813995,2.066994,3
1.491113,0.7855127,0.8916242,0.9673626,-0.5505663,1.224848,1.265292,0.3604095,-0.09345044,3
0.01819004,1.253854,1.19905,0.1447365,-0.1190099,0.1871356,0.06869401,-0.2750048,1.267192,3
0.8495097,1.316636,1.268038,1.709555,-1.005343,0.8923687,1.071231,0.9775104,-33.91916,3
1.945077,0.8472002,1.034832,1.810287,-1.276086,1.334754,5.470588,0.5814246,0.3021517,3
0.5438138,0.7861058,0.679868,0.9470584,0.2575357,0.4656093,-0.4864885,0.6258684,0.7613377,3
1.215784,0.04686808,0.313683,0.0680716,-1.410017,1.333676,-0.04879422,-0.1517307,11.02486,3
1.589966,0.2438867,0.2908255,0.2643313,-0.8899959,1.005088,0.3107996,0.03620531,1.741945,3
0.8898919,1.005351,0.956144,0.4579137,-0.6963487,1.043466,-0.11604,0.5380977,-0.6429967,3
0.6313146,0.6012287,0.8534403,1.216166,-1.143289,1.051315,-0.5846335,0.3987105,-0.3026737,3
0.4234588,1.32222,1.211705,1.667003,-0.7984239,0.8618937,-0.153215,0.7557376,-2.547948,3
1.566865,1.529035,1.38208,1.794082,-1.069251,1.111653,2.59033,0.9775782,1.259381,3
1.350533,0.8255315,0.8360077,0.3250146,-1.149438,1.081235,-0.3002025,0.6507221,-1.544053,3
0.6103783,1.328646,1.309477,1.271628,-0.447025,0.9561114,-0.2337706,0.4411888,27.02298,3
0.6723407,0.523604,0.8636882,1.474983,-0.7751735,0.6558867,0.2460687,0.5284127,-0.5717218,3
1.817263,0.904417,1.047208,0.9951568,-0.4450423,1.355113,0.3425066,0.355803,-0.8017476,3
1.176228,1.291562,1.133202,1.86864,-0.5381824,0.7809165,0.1860487,0.5620665,1.898946,3
1.180438,0.8641785,1.071394,1.075465,-1.134788,1.006555,-4.157339,0.7638493,-3.069283,3
1.267069,0.9592254,0.9243954,1.745061,-0.2617486,0.2931669,1.126141,0.02306588,0.1146375,3
1.040241,-0.006755041,0.5335658,0.3958365,-1.193887,1.167115,-0.2748127,0.0111562,0.774772,3
0.04292198,0.7116168,1.219222,0.06593709,-0.5842421,1.175787,-0.7524919,0.09342838,-1.740845,3
1.542806,0.9881523,1.041712,0.9884336,-0.7405357,1.111759,-0.04945468,0.4966964,-0.7734422,3
0.7833626,1.383493,1.329976,0.884389,-0.9034942,0.9714369,4.055012,0.7317583,0.5778934,3
1.293957,0.9339532,1.299116,0.6512512,-0.8501952,1.41043,-0.5970992,0.2792801,-1.561176,3
1.194077,0.7991469,0.7609296,1.332088,-0.05229136,0.858569,-4.599459,0.4736745,-3.444227,3
1.18932,1.118741,1.147338,1.407881,0.01800033,0.1015342,0.4836484,-0.3974351,-0.1670804,3
1.224215,0.7440886,0.6490692,1.665294,-0.07291476,0.4109114,-0.3808876,0.2026393,0.3496459,3
1.385701,0.1088741,1.406461,1.44416,-1.626295,1.395335,15.0179,0.8737949,2.630583,3
0.4144043,0.5592896,0.555372,0.3293729,-0.6164514,0.5956186,0.1919325,0.461668,-2.123076,3
1.812464,0.9004967,1.264019,0.9545197,-1.166761,1.348397,-0.6873696,0.5212253,-2.160562,3
0.4334279,0.2233191,0.6609557,0.2492743,-0.5377051,0.9208048,0.1045101,-0.06231586,1.277475,3
1.654583,0.9276624,1.178197,1.426937,-0.1324532,1.366733,2.792067,0.2952215,-10.16125,3
1.220987,0.4703796,1.059855,1.872495,-0.9394485,0.9141085,0.5094486,0.4657217,-0.1045785,3
0.650143,1.432041,1.331852,1.876379,-0.4557768,1.127936,-0.6231137,0.6073976,-3.178573,3
0.7403093,0.9843727,1.079945,0.8542039,-0.512159,1.273988,-5.389097,0.3814815,-1.874015,3
0.167881,1.440943,1.234352,0.8235364,-0.2386996,0.4218266,0.08118277,0.2013572,2.640375,3
0.3249958,1.257183,1.225834,0.2732925,-0.8393372,1.272372,1.191114,0.6844619,0.3246834,3
1.395774,1.278012,1.392993,1.216773,-0.5513139,0.5594294,-6.482866,-0.01321609,-0.2635557,3
0.8041626,0.4045198,1.203816,0.7813352,-1.256412,1.23728,-12.16035,0.5091611,2.212188,3
1.494054,0.5411162,1.302488,1.631886,-1.274687,1.41112,0.5940853,0.37104,0.2353623,3
0.9646387,0.6068966,1.038681,1.610923,-0.5589187,0.8238926,0.3202089,0.1988458,-4.12871,3
0.5214381,1.116874,1.209041,1.811889,-0.7134547,0.7220067,0.3664533,0.6607489,-5.233671,3
0.4021144,0.4954067,0.5873304,0.2051601,-0.8309855,0.9003247,0.5566598,0.3599615,2.68226,3
0.9139457,1.063187,1.211954,1.223285,-0.9606137,1.389068,-2.353329,0.4600192,-1.331659,3
1.836912,1.349986,1.171035,1.140977,-0.4298604,0.8525698,-0.4219257,0.3954965,-0.03965587,3
0.7904292,0.9101775,0.8280609,0.4323641,-0.3111255,1.083835,0.4989885,0.5078382,0.1585427,3
1.922746,0.9230387,0.9885698,1.934781,-0.3759166,0.3639849,98.89152,0.002681091,-0.108071,3
0.6418638,0.7919851,0.6788982,0.8339257,-0.2188481,0.7454627,-2.001589,0.464666,-2.564587,3
0.7692201,0.3745577,0.3324186,0.07061183,-1.379302,1.187245,0.5533634,0.4905803,15.2364,3
1.441851,0.8982105,0.7875925,1.16887,-0.6566002,0.7305467,-0.3177784,0.6006098,0.004850878,3
0.8214726,1.039906,1.04925,0.6706439,-0.06497031,1.012391,0.8519439,0.3167295,0.3147043,3
0.5987739,1.103949,1.189435,1.275563,-0.2599615,0.7180332,-0.05316036,0.1340536,1.740103,3
0.4288397,0.52475,0.6536882,0.2599842,-0.5196832,0.5179042,-0.9201539,0.2431899,-0.4915486,3
0.8897682,1.215416,1.054409,1.463733,-0.7202845,0.6822603,1.060743,0.7359767,1.972294,3
1.879415,-0.02073437,0.06004111,1.222892,-0.6607558,0.6746279,0.2640245,-0.4794063,-0.278977,3
1.171229,0.6637489,0.6400095,1.959899,-1.346148,1.255677,-1.58195,0.2743694,-0.2413139,3
1.834688,1.073177,1.015418,1.697909,-0.2170848,0.8937588,2.017002,0.3627003,0.414243,3
0.6911407,1.346101,1.280387,1.36358,-1.443336,1.276811,-0.5366046,1.099066,-1.112923,3
1.57027,0.5762239,0.8302951,0.5296028,-0.7001163,1.147845,-0.1718085,0.2453686,-1.794912,3
0.8991172,0.9355225,1.082475,1.588506,-1.126801,1.286957,-1.262858,0.4385486,-0.8695727,3
0.5858861,1.055916,1.089008,1.142901,-1.343496,1.321089,-1.125411,0.6492153,-0.7110405,3
1.262331,0.4367994,0.9884176,1.277063,-0.8752435,1.125559,-6.552415,0.1569835,-0.02884076,3
1.32589,0.6665072,0.7786241,0.5357703,-0.8231376,0.7793996,-0.546758,0.4436615,-1.017044,3
1.649574,-0.07301275,0.9759132,0.7627706,-1.518217,1.368855,-0.8733902,0.7207034,8.558681,3
0.619468,0.5623035,0.4790657,0.6734699,-0.7150103,0.6326377,-3.939747,0.5212642,0.06660686,3
0.7884524,0.8167286,1.204562,1.017955,-1.090373,1.223018,-0.3596709,0.4916873,-0.6080233,3
0.5039667,1.126874,1.10149,0.4312422,-0.6023248,0.7801344,-2.452146,0.3976276,-0.0527952,3
1.86008,0.6836401,0.6836699,1.321167,-0.1491015,0.7401538,0.3873403,0.2637244,0.1897949,3
1.492804,0.3045301,1.000025,1.481985,-0.6471429,0.839402,-65.26164,0.1754174,-1.424854,3
1.241019,-0.07775398,1.071757,0.8678074,-1.305146,1.362054,-1.139318,0.3492324,1.71995,3
1.932786,0.226324,1.173407,1.72021,-1.521537,1.31266,-4.113625,0.7083415,2.010846,3
1.856056,0.9078873,1.317703,1.388304,-1.331682,1.372067,-0.9220923,0.6704044,-5.137624,3
1.268377,0.8676608,0.9567214,1.087972,-1.135336,1.260114,3.341076,0.5767334,0.3605687,3
1.815413,0.2610931,0.4073862,0.7307293,-0.2787139,0.6360009,0.141974,0.07917643,-3.385479,3
0.8397146,0.9136132,1.30135,1.711978,-0.4178804,0.5336528,0.9975822,-0.1145265,0.1069483,3
1.380496,0.5995726,0.643141,1.276148,-0.6663032,0.6797779,0.6073073,0.4518593,1.749008,3
0.2514533,1.111599,0.944343,0.5854673,-0.0292397,0.22373,-0.1670608,0.02556896,0.3217127,3
0.7937211,0.65877,1.16835,0.7596051,-1.161242,1.385883,3.645185,0.3211642,0.1752444,3
0.6027884,0.3272004,0.7181848,0.8287786,-0.5481169,0.6681336,0.1185693,0.1759169,-0.3248796,3
1.984783,0.07468517,1.188934,1.478991,-1.063436,1.40207,-0.9364851,0.08091115,2.549587,3
1.11159,1.197043,1.309276,1.91092,-1.272677,1.179183,0.05906392,0.9488147,-1.490514,3
0.4864327,1.306648,1.331394,1.228099,-0.04470248,0.2956012,-0.04353016,-0.4087889,0.1457638,3
0.4773092,0.4955241,1.000566,0.6985115,-0.6563922,1.002143,-0.5694336,0.0998585,-0.9090773,3
1.242613,0.6856263,1.139521,1.210839,-1.071969,1.219561,-1.177476,0.4168673,0.8440673,3
1.986216,0.4480979,0.8958252,1.284725,-0.4462809,1.029383,-0.09837094,0.0189913,-1.632165,3
1.422538,0.4969477,1.037974,1.701748,-0.3685993,0.8437486,1.169455,-0.05856089,-0.341586,3
1.335567,0.9572904,0.9756847,1.512967,-0.0688853,0.9234657,-2.723938,0.3596796,2.490736,3
1.452739,-0.09436673,0.5163829,0.4046996,-0.8327045,1.09709,-0.2092577,-0.5213627,1.139337,3
0.2642505,1.209786,1.05648,1.238372,-0.3627732,0.4947019,0.2485219,0.4072297,15.83082,3
0.5957921,0.9740604,0.8820393,1.908077,-0.583751,0.8180564,-0.5765551,0.4386467,-1.411435,3
1.389705,1.283576,1.13764,1.92995,-0.4137853,1.38903,-3.758409,0.7228999,-2.309753,3
1.353853,0.5666209,0.6325446,1.145958,-0.2340338,0.3786495,-1.575204,0.02295977,-0.1542756,3
0.8380052,1.00106,1.280883,1.168269,-0.3602072,0.8070195,0.7759886,-0.02370664,0.07611751,3
0.5682302,1.227093,1.276318,1.221789,-1.073954,0.9349049,0.6403383,0.9783834,-4.105714,3
1.790353,1.365562,1.355874,1.41934,0.1180098,1.366579,1.253316,0.4892811,0.6619155,3
0.755443,1.019535,1.237322,0.7322127,-0.6487558,1.346763,12.22952,0.3577032,-4.628408,3
0.9871362,0.83603,1.221471,1.934,-0.5407181,1.0503,-0.3783193,0.1953983,-2.337377,3
1.128058,0.4736338,0.7799597,0.5898742,-0.6340638,0.7110533,-0.8318415,0.2066402,-0.949914,3
1.199839,0.9366646,1.049175,1.007604,-1.074685,1.08531,-0.2491989,0.7058279,-3.748674,3
0.9890232,0.667624,0.6617315,0.5942736,-0.07166164,0.8340333,0.3801334,0.3172729,0.4799932,3
0.2546557,1.411089,1.395466,1.694502,-0.3213934,0.7401774,-0.002302129,0.441115,-4.282067,3
0.5157443,0.3566386,0.6027174,0.4879891,-1.325185,1.155106,3.593619,0.2953314,0.220985,3
0.9079986,0.3456803,0.8658786,0.983313,-1.123483,1.215283,-2.596389,0.1210814,-0.1415988,3
0.6897871,1.107492,0.9820949,1.728936,0.1817318,0.6659341,-0.5869557,0.8270495,10.83501,3
0.8060014,0.3646691,1.189522,1.328054,-0.9588439,0.9794242,0.4578819,0.4263457,-0.06908289,3
1.218839,0.1749568,0.8915138,1.173841,-0.6645718,0.9056768,-4.397334,0.09656609,1.966455,3
1.369171,0.4370211,0.9461614,0.353477,-1.347278,1.289168,-0.3425546,0.5281702,-3.096658,3
1.039126,1.205992,1.233061,1.094965,-0.779487,0.9803201,5.662136,0.5588773,0.3345284,3
0.2481113,1.456537,1.258482,0.5658261,-0.8085136,1.19253,-0.8439048,0.7845794,-2.6686,3
1.060818,0.1535097,0.2982118,0.4600122,-0.7889578,1.006419,0.3129171,-0.3566886,-0.00962949,3
1.70704,0.4533119,1.252901,1.805733,-0.7939231,1.378102,-2.9405,-0.03845359,-0.6480672,3
1.934729,-0.005381479,0.702121,1.359458,-0.7221844,0.8822639,-0.5329847,0.06896176,1.015789,3
1.342099,-0.05297268,0.05985665,0.9118599,-0.8013687,0.7188117,0.2877353,-0.4355755,-0.2893744,3
1.019688,1.079249,1.334132,0.7690865,-0.776863,0.9331789,-2.809703,0.2469261,-0.6108646,3
0.6371136,0.9753824,1.171681,0.442098,-1.29101,1.384991,0.5821498,0.7071135,-1194.47,3
1.677488,0.3621802,0.5444447,1.478631,-1.267201,1.214943,2.910096,0.1034988,0.06469089,3
1.075758,1.003008,1.16902,0.8227278,-0.6845489,1.36127,1.273781,0.4144987,-0.01684701,3
1.92294,0.8151492,1.344855,1.81608,-1.013589,1.336842,-2.710419,0.3600049,-6.222123,3
1.267798,-0.1796826,1.252272,1.62188,-1.2772,1.207312,1.33867,0.5615037,0.8981526,3
1.879659,0.3590467,0.423612,0.3024343,-1.206995,1.028847,0.3418706,0.4346562,32.68721,3
1.484815,0.732849,0.7107645,1.664261,-0.7006079,0.7167223,-0.5948494,0.5491108,-1.068582,3
1.058949,0.8940002,0.9527937,1.493702,-1.119227,1.274222,-2.215935,0.451003,-0.6117782,3
1.424961,0.5689265,0.6124361,0.5430339,-1.422674,1.329109,0.7215755,0.4716044,2.184866,3
0.7185088,0.7341142,0.7619339,1.797486,-0.5588894,0.7792187,-0.6353811,0.287707,-1.009456,3
1.705861,0.2015249,1.129688,1.022728,-1.138221,1.127196,-1.492236,0.5353858,-3.076139,3
1.363583,0.03967343,0.5781875,0.6397773,-0.7542764,0.6934554,-0.5428388,0.3817624,-3.681222,3
0.3968335,0.5655321,0.8512003,0.7311333,-0.8480483,0.8973637,-0.4685161,0.3149295,-0.5406829,3
1.921606,0.0361451,1.049291,1.776174,-1.431105,1.209756,-5.74076,0.6739989,1.320275,3
0.7358733,0.8243523,1.114791,1.681745,-0.7504807,0.8572012,0.05479504,0.4592574,-2.007996,3
0.987165,0.6830042,1.033755,1.504783,-1.172249,1.340694,-1.423642,0.2211081,-0.6071925,3
0.6016504,0.5736825,1.314799,1.840294,-0.7235736,0.6564058,0.7128832,0.5522737,3.555118,3
1.023368,0.6034308,0.7938944,1.021047,-0.4409629,0.4128644,-289.1953,0.1187929,-0.2284451,3
1.285337,0.8414982,0.7301192,0.7897725,-1.293912,1.332316,2.161799,0.6680387,0.9762173,3
1.808101,0.614586,0.7275631,1.484453,-0.3061311,0.9865798,2.890128,0.2303762,-1.012767,3
1.93929,0.2212085,0.698868,0.9184824,-1.422227,1.349708,-0.1327488,0.1882125,1.111441,3
0.9077587,1.042952,1.133023,1.923291,-0.3245034,0.3051164,0.8364743,-0.06796984,0.2703446,3
1.349361,0.8000737,1.081502,0.4641733,-1.12231,1.393669,-0.3136205,0.4764181,-2.37115,3
0.3473121,0.5434869,0.5389072,0.6974707,-0.02317179,0.02081687,-0.02093863,-0.1498181,0.1097823,3
0.4538912,0.8636709,1.121717,1.977401,-0.2814406,0.2684269,0.5154174,-0.1036556,0.6574657,3
1.352453,-0.1820421,0.682715,0.7494401,-0.9381681,1.022159,-0.4941774,0.1381395,0.7774158,3
0.9051641,0.5804028,0.8329611,1.371263,-0.7501512,0.9581839,-0.9762307,0.2054084,-0.658799,3
1.740324,0.1677585,0.4353326,0.5404722,-1.260346,1.410523,0.1056383,-0.3490352,0.5378133,3
1.255243,0.2686524,1.158104,1.39478,-0.7895526,1.063412,2.477478,0.1696432,6.628045,3
0.647521,0.5867186,0.6406697,0.1346331,-0.9808881,1.319765,0.3342615,0.4852607,-6.869188,3
1.103323,0.3472977,0.8911728,1.419616,-0.6081992,0.9116753,-0.4309504,0.05496496,-0.5645,3
1.696596,0.5764958,0.4978454,0.5461197,-0.3425963,1.001986,0.4735158,0.4577307,2.583358,3
0.8314617,1.442774,1.290065,0.9646978,-0.4164758,1.066417,-1.631457,0.5849431,1.338996,3
1.55344,0.5524851,0.5761167,0.2143753,-1.153095,1.162747,0.03659023,0.567756,-2.913722,3
0.753127,0.6442459,1.134758,1.400328,-0.8586249,0.8153185,0.7307249,0.5494835,-2.187317,3
1.203752,0.8272151,0.9737391,1.400728,0.06188295,0.8409017,-1.306754,0.1385165,0.694177,3
0.7766929,0.5834598,1.298895,1.854177,-0.7721403,0.6737304,1.219753,0.5821514,0.5771819,3
1.227961,1.000673,1.162164,1.402137,-0.2847458,0.7691612,1.331925,0.01691523,-0.05645177,3
1.736513,0.5906469,1.146838,1.829786,-1.040528,1.024112,8.955423,0.5287909,-8.208577,3
0.3394794,0.3979441,1.156162,0.8336141,-0.6560127,0.8279117,-0.003343294,0.227317,-1.151109,3
1.304901,0.7367121,0.6975001,1.932593,-0.1936074,0.2403984,0.5834751,0.04137195,0.1377718,3
1.570818,0.3754812,0.7278823,0.805876,-0.794759,0.8628709,-0.243953,0.2845303,-3.037907,3
0.6751702,0.6023259,0.5508252,1.695593,-0.3711811,0.4543965,-0.1083361,0.34396,-1.359188,3
0.3425954,0.7412762,1.182981,0.7649376,-0.1243216,0.8027534,-0.1695024,-0.1289407,10.49095,3
1.767952,1.333182,1.18941,1.597199,-0.5518529,0.7291031,-3.520794,0.4323902,0.1447697,3
0.8019418,0.5730224,1.160515,0.6781366,-0.7767235,1.30772,0.5658364,0.08880991,1.116625,3
1.487768,0.688167,0.5950975,0.7988464,-0.4313935,0.3872037,-0.5813954,0.3175774,-0.09334115,3
1.988472,0.7599358,1.402865,1.66978,-1.163912,1.094626,-6.328209,0.5751182,-1.525221,3
0.6506567,0.3256486,0.5400584,0.2259228,-0.6342411,1.219305,0.519436,-0.1348691,0.3674326,3
1.483943,0.7055929,0.6414323,1.550822,-1.150298,1.068662,-14.92685,0.5445717,0.1063342,3
0.1181138,1.09686,1.056121,1.268759,0.05303159,0.2745373,-0.1393328,-0.5276985,2.576313,3
0.5547466,0.5800045,0.8372769,0.3228625,-0.7716582,1.299451,1.06764,0.1358433,0.5181446,3
1.045063,1.278634,1.390543,1.21267,-0.3217962,1.287308,-2.368382,0.3833536,3.250953,3
0.8342848,1.109521,1.240062,1.273008,-0.5246533,0.5149357,1.914451,0.1459495,0.1889726,3
1.349005,1.02109,0.922839,0.7962395,-0.6270959,1.137984,0.5885235,0.6223789,-0.4389112,3
1.48804,1.183341,1.214659,1.535157,-0.3805097,0.6902636,10.48593,0.107564,-0.03990844,3
0.9254909,0.4377289,0.6259005,0.851378,-0.9802843,1.091734,5.356524,0.106779,-0.08186823,3
1.380382,1.446698,1.340176,1.417435,-0.1502247,0.7837691,-0.05739783,0.1748357,0.09480984,3
0.4736657,1.306435,1.112173,0.5018748,-1.052337,1.313984,-13.6853,0.9201868,-1.481548,3
1.432291,1.454238,1.252763,1.871983,-0.3173423,0.8591268,-0.5888944,0.4978364,0.9233852,3
1.236969,0.8816627,1.409965,0.7810969,-1.088867,1.298341,-1.609644,0.3849918,-1.684657,3
0.3253078,1.11905,1.30535,0.7823988,-1.457686,1.362257,-0.683716,0.7322375,-0.8593207,3
1.000461,0.4630232,1.176532,0.9884619,-1.357391,1.294384,-19.19495,0.5385101,1.085491,3
0.1595447,1.131372,0.9716823,0.08818644,-0.7565061,1.242637,0.6699815,0.7694454,-0.7114574,3
0.9019887,1.102208,1.289777,1.61568,-0.3840359,0.7646964,0.3626364,0.08898521,0.7914647,3
0.7946995,0.837777,0.7868469,1.486985,-0.6687681,1.01424,-1.474447,0.304348,-0.9738393,3
1.245237,0.2280888,0.7630441,1.037925,-1.271234,1.31863,0.6252036,0.03093548,0.04028446,3
0.4749643,0.6063871,1.314072,1.340901,-0.8589375,0.9359607,-0.04429704,0.39443,-1.257396,3
1.482162,0.69624,1.083967,0.8968336,-1.046807,1.33041,0.2271833,0.3641442,-10.95503,3
1.896747,-0.08446649,0.3374901,0.294291,-0.7398524,0.702285,-0.1973358,0.8298056,-3.634325,3
1.754551,-0.1548112,0.5563468,1.048647,-1.013929,0.9201769,-0.5588273,0.2892023,0.4740327,3
1.956352,1.236801,1.252419,1.400265,-0.6370822,1.091644,-0.6791794,0.4269923,-0.2955214,3
1.387599,0.7053915,0.8312459,1.531828,-0.1036622,0.849076,-3.011934,0.2183671,-33.31746,3
1.231402,1.208253,1.119834,1.441542,-0.773029,1.388671,-6.595066,0.6373247,-1.701786,3
0.6426615,0.8284119,1.10591,1.370704,-0.9885803,0.8920902,0.1591187,0.6816563,-1.114191,3
1.718804,0.7264488,1.24494,1.656149,-0.3765813,1.370235,8.601533,0.02933697,-2.484861,3
1.288669,0.1761391,0.6932657,1.529846,-0.6486444,0.6332493,1.316696,0.2945428,1.051467,3
0.5416114,1.529413,1.367542,0.8202186,0.4875113,1.145344,-1.563077,1.350713,5.734057,3
1.644141,0.7209216,0.8541601,0.91583,-1.454187,1.334427,0.7071735,0.6633151,2.575433,3
0.9812399,0.7507531,0.8675429,0.5271812,-0.9193605,1.306072,1.176947,0.4184187,2.820364,3
0.8498166,1.161377,1.263029,1.363309,-1.127984,1.185428,-0.2525745,0.7844226,-1.702405,3
0.5875759,1.095327,1.272449,1.166461,-0.981628,1.260022,-0.8394788,0.5065342,-1.587055,3
1.632749,1.038978,1.032427,1.173043,-0.3021769,0.7748845,-0.5706414,0.1756344,-0.1678432,3
0.9683033,0.7699772,1.02652,0.8347173,-1.449717,1.353109,1.466223,0.6638917,0.8755194,3
1.99055,0.5777439,0.55005,1.344496,-0.8015674,1.221806,2.648398,0.09421612,-0.1822391,3
1.89765,0.6053986,0.7368793,1.725824,-1.417198,1.36182,5.846539,0.3482291,0.1731714,3
0.2738795,1.084799,1.144558,0.2861844,-0.449323,1.011122,-1.869762,0.3519943,0.6826054,3
1.009772,0.8267509,1.021422,0.3991536,-0.9815308,1.008857,-0.7499687,0.4473062,-1.231287,3
1.668214,0.1476336,0.1611919,0.3527957,-1.243141,1.412207,0.2159931,-0.6311309,0.4131396,3
1.935957,0.4848683,0.5582766,1.933565,-1.055709,0.9673504,319.7549,0.3478246,0.1410812,3
1.916634,0.4721416,0.5519643,1.745399,-0.1461913,0.6587101,2.999077,0.1784997,-1.616867,3
1.244601,1.226084,1.155339,1.952232,-0.54686,0.5071627,1.553963,0.379577,0.5596647,3
1.401939,1.131672,1.354836,1.970107,-0.1999455,1.075455,-0.6014279,0.1377611,1.623153,3
1.628585,0.3030682,0.7006919,0.5758123,-1.191839,1.372965,0.117811,0.03483984,2.169281,3
0.1629638,0.621163,0.638905,0.7336932,-0.2010044,0.4145877,-0.08131082,0.2160893,-1.646263,3
0.3815076,1.435542,1.355585,1.133841,-1.152649,1.313103,-0.8654954,0.7280599,-1.712786,3
1.37814,0.5930142,1.205119,1.945421,-1.059536,1.290945,-0.7136779,0.2395198,-0.6528553,3
0.6785896,1.056844,1.078411,0.7795504,-0.8748628,0.7645668,4.991567,0.7123176,0.2990892,3
0.8360792,0.5330751,0.6157636,1.311518,-0.4194419,0.39782,0.949995,0.3047706,0.5452933,3
0.6189904,0.1980666,0.5629801,0.1794451,-0.8752869,1.305321,0.1448271,-0.2819442,1.008114,3
0.8693528,0.6245711,1.046221,1.524793,-0.8348553,0.9318053,-0.06571566,0.374712,-0.8927965,3
0.237309,1.086517,1.409354,1.377612,-0.06560095,0.5800228,-0.1053467,-0.2832811,8.580436,3
0.8835266,0.4557407,0.5857265,0.8707319,-0.3682171,0.4073502,-23.59735,0.1637033,-0.1803472,3
0.9117179,1.360422,1.394042,0.7729373,-0.7772687,1.324917,0.0989586,0.5832573,0.06618886,3
1.112113,1.114674,1.273902,0.848662,-0.5649422,0.9209893,-1.844133,0.1595035,-0.4296604,3
1.42549,0.7343137,1.210229,1.962093,-0.759903,0.6842285,3.580453,0.3817339,-0.2685729,3
1.320804,0.9435354,1.159143,1.664185,-0.6690773,1.002037,0.4234669,0.35659,2.691623,3
1.010297,1.448362,1.325541,0.5555358,-0.6382267,1.079586,-0.6030962,0.4610778,-0.2845499,3
1.368082,0.5328944,0.6796322,0.7390594,-0.6137291,1.13921,1.110379,0.1561459,0.2756847,3
1.161863,0.1772558,0.8417279,0.5329372,-1.052005,1.349151,-0.1440777,-0.05763154,2.015359,3
1.434212,0.4043244,0.5808809,0.7048001,-0.3981658,0.6481047,-0.2453079,0.1286079,-0.7861787,3
1.408281,0.5109784,1.080811,1.745703,-1.360804,1.284106,-0.2873264,0.4687394,0.06548564,3
0.8891861,1.12346,1.02031,0.6523444,-0.8522041,1.20455,1.382632,0.7444733,-0.480865,3
0.8428661,0.8146557,1.21959,0.7187149,-0.5722228,1.410718,2.236427,0.1597692,-1.64323,3
0.3637094,0.7003847,0.8800127,0.9418723,-0.5838187,0.6663252,-0.02455625,0.3842497,-1.589182,3
0.590284,0.937409,1.06683,0.8627707,-0.03670594,0.8874611,-0.8268546,0.209789,3.299728,3
1.608923,1.246685,1.123159,1.249891,-0.2541942,0.8152837,-0.1906437,0.3012869,0.04468167,3
1.294328,0.8216451,1.25525,0.9237878,-0.5767065,1.262426,-0.603058,0.1115988,-1.057718,3
0.8565721,0.8967949,1.060084,1.106366,-0.1250705,0.9529858,-1.130109,0.2012738,4.507505,3
0.7653209,1.051986,1.179801,1.893004,-0.8234299,0.7788557,0.6093571,0.7165635,-6.725944,3
0.6513271,0.9715502,0.8428738,0.577718,-0.1394258,1.097781,5.932705,0.6763566,-3.318153,3
0.2293311,1.031054,0.9145472,0.3723229,-0.4705583,0.9182572,-1.086197,0.5347455,-2.646762,3
1.441834,0.3050714,0.7836836,0.9408002,-1.266198,1.096057,-0.4803125,0.4783614,1.624872,3
1.435443,0.864036,0.8683762,0.8632836,-0.8850681,1.151776,0.9657814,0.5928368,-28.30671,3
1.350913,0.3085321,0.5766284,0.4322573,-0.9771265,1.372223,0.3538155,-0.1673659,0.9094417,3
1.869868,0.2616636,0.3766943,0.4400362,-1.301376,1.304142,0.2471681,-0.04669815,1.313525,3
1.792588,1.050007,1.229527,1.934486,-1.281041,1.291656,-0.9944741,0.7866912,0.04812324,3
1.747837,1.123019,1.115824,1.492834,-0.793991,1.312239,3.4575,0.6197395,-3.14659,3
0.5703098,0.06258237,0.1730676,0.08426677,-0.8881784,0.7926627,-0.02251847,-0.09335007,0.9815674,3
1.28969,0.7766853,0.9075914,1.768607,-0.326905,0.3426342,1.738598,-0.02998582,-0.03459502,3
1.449998,1.387044,1.250846,0.4498856,-1.122966,1.372937,-0.446077,0.7303751,-0.9397123,3
0.196404,1.568335,1.395577,0.6649005,-1.363696,1.309098,-0.7026605,0.9515844,-1.549349,3
0.2964862,1.309454,1.313517,0.2441203,-0.7916133,1.35828,1.029448,0.6378184,0.2546955,3
1.222328,1.533006,1.302913,1.752541,-0.1813784,0.3878824,0.1227244,0.1305123,0.2939094,3
1.839683,0.8222997,0.8023992,1.949562,-0.8530946,1.340054,-19.77795,0.2385538,-0.6773071,3
0.9818657,0.1106455,0.8157502,0.9727336,-0.7915939,0.8005432,-31.51615,0.3243035,2.416996,3
1.36612,0.9371467,0.9296862,0.9902263,-0.6581495,0.9644488,0.1403117,0.5040686,-0.3553864,3
1.065615,0.7898068,1.25907,1.637935,-0.7310364,0.7324776,2.357323,0.3395417,-0.01478863,3
0.4300275,0.7910761,0.70227,0.2457728,-1.584094,1.391033,1.61096,0.7587627,1.421445,3
0.2818271,0.8017006,1.27731,0.1664932,-0.9910843,1.319213,-0.8295873,0.3334758,-1.931009,3
1.45309,0.133624,0.1206154,0.3192344,-1.318898,1.176441,0.1467607,-0.2248688,0.6738461,3
0.4980276,0.3184275,1.061738,1.245968,-0.7775659,0.722895,0.2062323,0.4346577,-0.4099976,3
0.2713344,1.085725,1.243176,0.2299068,-0.1932329,1.089124,-0.08735917,0.1342116,-0.1316745,3
0.8432521,0.3590073,1.306476,1.585246,-0.7900327,0.7184407,1.646723,0.5566513,-0.7483308,3
0.3088838,0.9485906,1.025682,1.415511,-0.3793606,0.3937885,0.519166,0.2798781,3.20162,3
1.616347,-0.05392891,0.231305,0.3078244,-0.9128047,0.9612883,-0.1251571,-0.5826968,0.4131448,3
0.7478255,0.2589279,0.8739002,1.319826,-0.8764513,0.744081,0.3469966,0.471565,0.1500371,3
1.825277,1.203603,1.37327,1.07225,-1.119145,1.227689,-1.271389,0.6111007,-1.101965,3
1.018088,0.6069084,0.6090005,0.4257743,-1.505138,1.333045,0.8370682,0.5626718,1.952608,3
1.704286,1.070531,1.241348,0.938378,-1.192888,1.322972,-0.501714,0.690221,-1.87283,3
0.1490425,1.199665,1.223879,0.9602081,0.05129163,0.5080759,-0.2374567,0.02747414,17.83179,3
0.7172562,1.151501,1.311848,0.7232764,-0.9545367,0.8986148,104.1901,0.606955,-0.1952307,3
0.504207,0.6303185,1.119874,1.330012,-0.2595596,0.5450692,0.3459988,-0.17305,0.4247538,3
1.00697,0.8636535,1.182611,0.7279168,-0.955987,1.22508,-0.5165432,0.433256,-1.896462,3
1.535424,-0.1815913,0.988187,0.7895427,-1.225133,1.254613,-0.9079931,0.6452655,-39.40146,3
1.637867,0.2265139,0.5896453,0.7091299,-0.5953035,0.689577,-0.289328,0.1745622,-1.559909,3
1.58662,1.182323,1.203647,0.8419217,-1.337742,1.224718,-0.6442717,0.9495769,-1.653682,3
0.9710579,1.246384,1.32242,1.475856,-0.7134309,0.9843533,0.5904011,0.5020669,2.507972,3
1.063345,0.7250025,0.9013321,1.416667,-1.051077,1.154353,-1.746309,0.3803417,-0.4298464,3
1.413982,0.8954889,0.9220647,1.960815,-0.3410193,0.4768145,0.968764,0.1339814,0.2002907,3
0.8858323,0.9459993,1.172424,0.6610762,-0.5567511,1.387795,1.141379,0.3232948,0.6492594,3
1.106289,0.3410491,0.7855425,0.4278641,-0.5290454,1.167758,0.04247146,0.01633708,-3.238432,3
0.8833746,0.537271,1.289123,1.151532,-0.8441019,0.840758,4.191496,0.4169359,-0.8518929,3
1.865045,0.2716671,0.4922544,1.502984,-0.7648369,0.7009817,0.1340872,0.2617081,0.4296135,3
1.007228,-0.06228452,1.357797,0.6690654,-1.48281,1.412479,-2.098353,0.8938811,-8.171186,3
1.400718,0.5699047,0.5628814,1.219303,-1.256849,1.260586,5.421481,0.2383699,0.0777189,3
1.793698,1.106992,1.130506,1.580193,-0.1572152,1.384406,5.239656,0.5854041,-5.307606,3
1.546278,1.101573,1.145825,1.792697,-0.8909073,1.247581,-3.20283,0.5914851,-1.727931,3
1.609375,0.1374507,0.1668889,0.4525453,-0.9893734,1.257417,0.2699364,-0.6697239,0.05760114,3
1.324141,0.3676709,1.045282,1.360171,-1.635,1.389279,5.18306,0.5976303,0.5601715,3
0.5464718,0.09574641,0.7497136,0.4649389,-0.6591994,0.8976777,-0.3921673,-0.004398784,0.2750971,3
0.3887692,0.8778727,1.277219,1.780635,-0.04550186,0.4960475,-0.05927283,-0.5337611,1.193967,3
0.7834322,0.9159012,1.029426,1.345502,-1.111556,1.19962,-1.109727,0.5111461,-0.764193,3
0.7128747,0.5380002,0.9827034,0.3769268,-0.5107588,1.331042,0.2570334,0.06128723,-4.708151,3
0.6518225,0.9414641,1.103028,0.215368,-1.206102,1.36204,-0.3876409,0.6095585,-2.010464,3
1.629279,0.876764,0.974365,1.920775,-0.08915687,0.8760496,-1.509213,0.2256523,1.577001,3
0.3912839,0.4083789,1.37235,0.3294292,-1.444016,1.309237,-4.349954,0.7508536,-12.86278,3
1.949628,0.7196066,0.6806197,0.858913,-1.340941,1.284027,1.089229,0.6516294,2.585386,3
0.5874244,1.180972,1.109693,0.8417366,-0.5222883,0.8153096,0.1696506,0.4737818,1.520756,3
1.897969,0.1035093,0.1308271,0.4042581,-0.8776843,1.214605,0.1833828,-0.7933728,0.06997073,3
0.686063,0.9299097,1.037905,1.461409,-0.4696063,0.4605663,0.9594328,0.2470436,0.7054741,3
0.0739254,1.416696,1.397521,0.1991638,-0.8677261,0.9877467,0.282713,0.7968893,-5.568743,3
0.8792897,0.4147788,0.822821,1.709704,-0.4446101,0.6265994,0.1267916,0.1561762,-1.61668,3
1.366621,0.3296684,0.3069997,1.960587,-0.2261459,0.2557901,0.1133806,0.2019149,2.463894,3
1.44583,0.4674634,0.7233974,0.6168038,-0.9807957,1.135249,0.3117329,0.277912,7.15953,3
1.010804,0.3224495,0.8343242,0.8675441,-0.9353514,1.076539,0.2542734,0.1504239,0.2888393,3
1.562593,0.9742652,0.9292639,1.482403,-0.1799793,0.7235618,0.998478,0.2443986,0.1749613,3
0.2618759,0.91102,1.214163,0.8785293,-0.4460388,0.5524196,0.6025568,0.1901655,2.361312,3
0.2849591,0.8033096,1.294176,0.9812688,-0.6075667,0.8519743,-0.09808765,0.301236,-2.292584,3
1.278489,0.953035,1.081203,0.7526811,-0.5431622,1.219262,0.003731913,0.3449109,-0.7337153,3
1.720801,0.43853,0.9064982,0.8898005,-1.192665,1.202179,-0.2181568,0.3989951,22.9274,3
1.416865,0.8800905,1.333134,1.252286,-1.289511,1.299218,-3.13163,0.6713109,-5.888845,3
1.218073,1.143245,1.14869,0.5927149,-1.054914,1.356764,-0.03140512,0.7260668,-1.582942,3
1.703322,-0.2354788,1.263046,1.480569,-1.419598,1.32531,-4.165933,0.8157339,4.233418,3
1.830426,0.4574425,0.7801302,0.4075079,-1.037472,1.382749,0.05940143,0.3026578,-4.185447,3
1.73321,1.483034,1.279469,1.210743,-0.9236882,1.260827,0.09077533,0.8936029,-0.09723987,3
1.151673,0.05770366,0.7507465,0.7887136,-0.8328593,0.9718311,-0.5047607,0.0978354,1.066529,3
1.075912,0.6836839,0.9321635,1.010974,-0.8006108,1.026159,2.225812,0.3452602,0.2469429,3
0.6934356,0.77103,0.7532458,1.840475,-0.244643,0.4180883,0.09970901,0.193787,2.117324,3
1.3554,0.9879562,0.9032786,0.5042514,-0.8788144,0.9274802,-0.3982872,0.6033179,-0.7342937,3
0.8217602,0.2984258,0.4858377,0.9746041,-0.5419956,0.546249,-0.269654,0.2207476,-0.01091381,3
0.6579605,0.9420825,1.247857,0.8939978,-0.600812,1.310943,-1.747247,0.2369112,-2.045351,3
0.9177955,1.092714,1.316149,0.7198659,-0.689967,1.234383,-0.7381277,0.3292241,-0.558162,3
1.144731,0.6795893,1.04947,1.748047,-1.013184,1.154204,-0.7994536,0.3334767,-0.644649,3
0.1552354,0.5361823,1.232515,0.224004,-1.294655,1.374237,-0.5434777,0.3271329,-0.3855199,3
1.430732,0.2918571,0.3617056,1.188949,-1.163005,0.9875202,1.471061,0.1954189,0.2111949,3
1.4408,0.2646119,0.6322749,1.57163,-0.3441379,0.6359488,-0.2304997,0.009513667,-0.3810014,3
0.510492,0.7153801,1.163073,1.50805,-0.9571803,1.010084,-0.381632,0.3576475,-0.9205831,3
1.890825,0.2294294,0.2005806,1.037741,-0.9656948,1.184254,1.048391,-0.4725149,-0.1884481,3
0.8450518,1.602534,1.37247,1.320925,-0.129642,1.056913,-1.234685,0.6991084,3.0537,3
1.524832,0.8556148,1.350677,1.786898,-1.160787,1.224668,2.141108,0.5964188,1.332195,3
0.9516441,0.6508151,1.12686,0.750026,-0.9821188,0.951575,-3.15577,0.4828222,-1.453899,3
1.811761,0.08421268,0.3032672,0.4123566,-0.4678665,0.6184613,-0.008466772,-0.02934787,12.48655,3
0.8319398,0.6229429,1.134063,1.590374,-0.5180495,0.8651707,0.1707687,0.1459654,-3.519172,3
1.246381,0.7906376,0.7088441,1.673707,-0.5278375,0.4838168,1.243277,0.503842,0.7330517,3
1.605763,0.009077769,0.755442,0.7583354,-0.9628645,1.019248,-0.5426119,0.2794169,52.2585,3
1.574608,1.052319,1.025991,1.511578,0.01850649,0.8374709,3.953437,0.2504418,0.2408145,3
0.8198077,1.210634,1.124748,1.659398,-0.01738525,0.8756037,-0.7996343,0.5483972,228.7225,3
0.4730234,0.5378226,0.5452018,1.134547,-0.04263347,0.2826362,-0.09935886,0.02474868,0.4915502,3
1.098159,0.5938697,0.5348592,0.5658369,-0.1783741,0.8966787,0.7677845,0.4295122,-1.125355,3
1.050716,0.8799879,0.8400929,1.336789,-0.8053095,1.240013,-4.407338,0.33028,-0.8422734,3
0.5749218,0.5001652,0.5815347,0.2336863,-0.7469317,1.34583,1.068555,0.03762261,0.2464959,3
0.9076909,0.1207791,0.7739788,0.4931207,-1.137625,1.001951,-0.7150849,0.4881568,6.256794,3
1.513009,0.6138092,0.5913067,0.6277477,-1.085016,1.23352,1.09129,0.4132643,1.533296,3
1.423127,0.3063419,0.5015122,0.9929423,-0.8996028,0.8136979,0.2527562,0.2819075,0.5548004,3
0.8153087,0.4012221,0.4896762,1.462864,-0.4455987,0.5037801,-0.3172656,0.2191884,-0.4550226,3
1.023151,0.8669624,1.39806,1.75364,-1.053267,1.066673,0.8649639,0.6318166,-2.940037,3
1.594439,0.3227341,0.3219225,0.7025667,-0.7777513,0.9546376,0.7664827,-0.0114121,0.2560423,3
0.6133207,1.061893,1.251493,1.324002,-0.01853962,0.9603676,-0.6357607,0.2439583,-7.748232,3
1.640609,0.2300597,0.195118,1.066617,-0.1913921,0.3576719,0.899479,0.1382366,-0.08272136,3
1.212623,0.686963,1.120693,1.174808,-0.6830703,0.874426,-17.61548,0.2081628,-0.6957796,3
0.3233371,0.8881257,1.089328,0.2307923,-0.1070489,1.180954,0.2741175,0.1875756,-0.01044723,3
0.373064,1.332306,1.221789,0.6759372,-0.8996901,0.9418417,0.635636,0.8547994,-32.81144,3
1.233046,0.681793,0.8840471,1.693219,-1.023517,0.9292699,-0.195057,0.5915399,-0.1567068,3
1.987841,0.6720574,0.7305388,0.8609029,-0.4107159,1.274982,0.7580655,0.3785659,0.3695786,3
1.029554,0.6987334,1.403389,1.380286,-0.71749,0.8218561,3.563777,0.1442128,-0.5703348,3
1.937469,0.3908262,0.7301034,1.306704,-0.3998037,0.8756516,0.2130139,0.03946708,-3.260809,3
1.046127,0.5985464,0.7292123,1.846396,-1.180232,1.091822,-0.9272602,0.3353643,-0.2391195,3
1.847454,0.6871104,0.9321334,1.992301,-1.003241,1.363571,-9.372392,0.1368006,-0.5427153,3
0.6937605,0.2478466,0.2823577,0.03748163,-0.6984156,1.004231,0.02714484,0.2321544,-2.568484,3
1.928366,1.057417,0.9117958,1.409107,-0.03504264,0.1021745,-0.01904177,0.007803221,0.03211914,3
1.247657,0.4627959,0.8553573,1.45768,-0.8564564,0.7574766,2.258123,0.5084765,2.38391,3
0.4957341,1.327614,1.368871,1.306299,-0.4474629,1.078348,-0.3898158,0.4583816,-4.093974,3
0.2273213,0.7448527,1.407986,1.477807,-0.2493375,0.2709956,0.4523705,-0.3515953,0.41498,3
1.922063,1.111612,1.225954,1.683344,-0.4287038,0.963268,-1.510923,0.1949104,-0.1780173,3
0.05229425,0.4156476,1.404156,0.1557996,-0.8777871,0.8564947,0.21522,0.5018045,-0.9926294,3
1.14501,1.418117,1.252185,1.559088,-1.449319,1.262511,-0.4873708,1.277478,-1.178892,3
0.4953023,0.9106469,1.188552,1.928364,-0.2620825,0.3332684,0.4032551,-0.1979802,0.5965062,3
1.169478,0.6317179,1.131911,1.893437,-0.8959229,0.766339,1.621612,0.6408864,0.03152393,3
0.4664853,1.024912,0.9369212,0.5395153,-0.2650521,0.9251177,-2.865481,0.4927636,6.652111,3
0.4989641,0.9470567,1.030293,0.9742393,-0.3402486,0.7010222,0.02075875,0.2188173,2.911693,3
1.808236,0.9980252,1.140128,1.308674,-1.011504,1.08421,-1.034309,0.6284015,-1.119036,3
1.536107,-0.08469851,0.1138253,1.230105,-1.196032,1.12052,0.9468467,-0.6888922,-0.4671609,3
0.5326661,0.8034865,0.9110752,1.841204,-0.717724,0.765295,-0.3332745,0.4080009,-1.03385,3
1.645917,0.2407734,1.347116,1.658872,-1.01264,1.382972,24.00402,0.1221768,1.127025,3
1.782313,0.5247318,1.156304,1.444013,-0.7981448,1.237209,-0.4626251,0.1208492,-7.919947,3
1.484471,-0.2696497,0.654688,0.8215091,-1.005426,0.9398897,-0.628402,0.5889103,1.303019,3
1.990048,0.5492989,1.062341,1.75346,-0.5966806,0.9906868,-2.06351,0.09429206,-1.121731,3
1.741835,0.7281016,1.084053,1.532904,-0.3179916,1.175051,1.543426,0.1019271,2.89611,3
1.971272,1.357323,1.368469,1.525627,-0.5332565,0.9859857,-1.378386,0.2776323,-0.2122538,3
0.5454392,0.5004585,0.6328495,0.9761263,-0.7247587,0.7413751,-0.5565104,0.2836753,-0.373322,3
0.9967854,0.7365257,1.278059,1.397283,-0.8538916,1.34433,-1.16748,0.153348,-1.240631,3
1.52848,0.4377541,1.005894,1.148301,-1.301912,1.325747,-0.2027236,0.3618501,1.18366,3
0.8744136,0.5373766,0.4944806,0.6354092,-0.5422484,1.009485,3.043557,0.1469398,-0.3380782,3
0.4664724,0.6567757,0.7458234,1.400301,-0.2773633,0.4477593,0.1561152,0.1835961,-76.42702,3
1.603988,-0.1084872,0.404802,1.089444,-1.045935,0.8840024,-0.5340996,0.1945229,0.1978091,3
1.376907,1.418272,1.217128,0.9118049,-0.3862337,0.3475373,-1.184592,0.1754799,0.03763128,3
0.7470344,1.196878,1.172528,1.356335,-0.008381856,0.4162726,-0.134313,-0.1607373,0.08992049,3
1.959953,0.2460441,0.2553659,0.4083116,-1.430974,1.225888,0.2649039,0.0783027,1.404095,3
1.578233,0.2481945,1.212637,1.67621,-1.45136,1.409013,3.150285,0.4295006,0.4732901,3
1.761789,0.3627915,0.7416385,0.8549968,-0.5599357,1.010563,0.1428349,0.06011779,-4.439923,3
1.691005,0.3211307,1.047955,1.957467,-0.6669783,1.080469,-0.4110733,0.000530223,-0.4814431,3
0.5150443,1.362035,1.414006,1.730944,-1.017013,1.109224,-0.3490693,0.7511911,-2.184654,3
1.736249,0.2832425,0.7447678,1.780559,-0.5357189,0.6141221,15.42163,0.2023814,-1.065745,3
1.005415,0.7077059,1.187031,1.529566,-0.9688099,0.93555,1.081099,0.5842528,-1.363404,3
1.970158,1.202398,1.019794,0.8934594,-0.6055,0.9668936,-0.2504819,0.5433928,-0.245551,3
1.298976,0.9275609,1.407027,1.464686,-1.037044,1.057959,7.414987,0.5469997,-0.6400006,3
0.8162396,1.118686,0.9819312,0.6806616,-0.5336236,1.352474,5.535042,0.7086427,-1.878634,3
0.4972104,1.502218,1.41152,1.461398,-0.4032809,0.811745,-0.004335598,0.4091791,8.022862,3
1.290584,0.9435188,0.9220924,0.6723291,-0.3812974,1.258921,0.5048581,0.5019734,-0.176137,3
1.950998,0.0371372,0.3892089,0.6483684,-0.6616175,0.6187586,-0.2246185,0.2081115,20.27906,3
1.535921,1.123538,1.156615,0.5561635,-1.045593,1.024502,-0.8377739,0.5227119,-0.8817544,3
0.7491893,0.8801576,1.29973,0.8447059,-0.7410013,0.9781191,4.667652,0.2582664,-0.3384644,3
1.857971,0.776614,1.10973,1.343292,-1.469803,1.309902,-0.331927,0.7793129,5.651664,3
0.6943793,0.9598857,0.9838693,0.3957399,-1.429236,1.311482,0.8388944,0.9131502,18.2969,3
1.246709,-0.2543749,0.8662722,0.9429584,-1.324144,1.156245,-1.519803,0.6188259,0.9363254,3
1.905578,1.429484,1.237217,0.8895101,-0.7737588,1.274738,-0.1977621,0.7066284,-0.4157625,3
1.728251,0.251247,1.040485,1.821159,-1.320351,1.329893,0.5412508,0.2623105,0.1319092,3
0.8894326,1.2976,1.35823,1.486009,-0.4923281,1.136622,-0.5812101,0.4377434,-33.6768,3
1.068388,1.00773,1.16262,1.938538,-0.5423251,1.167945,-1.098639,0.3215643,-2.030303,3
1.472513,0.4765176,0.537084,0.2458607,-1.181917,1.221485,0.4532777,0.4949229,-13.83641,3
0.1896314,0.5153998,0.8254091,0.3373453,-0.456917,0.4092698,1.393095,0.2298186,0.06983086,3
1.080771,0.2548413,0.4982378,0.7441673,-1.263016,1.080976,0.1854036,0.2528253,0.4247979,3
1.858559,0.750369,0.8142328,1.573523,-0.6122107,1.136451,4.624738,0.3184037,-0.6382521,3
0.4190724,0.2434325,0.6669574,0.09504013,-1.006808,0.9856773,-0.1726413,0.3581991,-2.528673,3
1.44487,1.238507,1.15179,1.57751,-0.8213292,1.135254,-2.772333,0.7220278,7.798204,3
1.637003,0.1095979,0.502374,0.5217995,-0.996708,1.2948,0.03057042,-0.4188359,0.4479949,3
1.170436,0.4259097,0.57572,0.5250086,-0.8562029,1.164633,0.706642,0.06777871,0.6432345,3
1.395987,0.8347266,0.7839274,0.8218775,-0.02088859,0.02632164,-0.07272828,-0.07744468,-0.009721929,3
1.027459,1.452753,1.372941,1.279732,-0.723543,0.7315935,3.2797,0.5187663,0.4433177,3
0.5889996,0.817859,1.1296,1.398513,-0.7546541,0.6787049,0.8783295,0.6055653,16.41391,3
1.231085,0.7159896,0.7273812,0.6735568,-0.622872,1.33027,1.970178,0.336449,-0.1376931,3
1.319452,-0.03591695,0.4420721,1.346392,-0.392074,0.4358497,6.408482,0.1439264,0.9342649,3
1.47522,0.8568786,1.039597,0.9446721,-0.3673292,1.17344,0.1208933,0.2388771,-0.4844182,3
0.6538548,0.7487984,0.6563298,0.5173172,-0.4371443,0.7773516,1.471182,0.4684602,1.886219,3
1.292544,0.1489025,0.2621143,0.3733063,-0.6103196,0.8967384,0.2275674,-0.3044483,0.1599001,3
0.5695153,0.5168801,0.5920398,0.6382182,-0.926017,0.8805109,-3.215611,0.3662526,0.01428225,3
1.251229,0.8098578,1.161765,1.60174,-1.104948,1.208663,-0.5135539,0.5080948,-0.5072061,3
1.332788,0.5281041,0.8778908,1.063091,-1.22118,1.399078,1.772501,0.1572099,0.1176027,3
1.833129,0.6059819,1.011376,1.737528,-1.517679,1.369033,1.917322,0.5812077,0.5590349,3
0.9841402,0.5272388,0.4971772,1.532682,-0.2035281,0.5506054,-0.929548,0.2505306,-1.038159,3
0.6689016,0.8476292,1.107172,0.8227351,-0.5339463,0.8263987,1.476528,0.1953654,0.1558824,3
1.335209,0.8614018,1.221341,0.5610371,-0.9591938,1.394851,-0.5673786,0.328339,-1.802438,3
0.4803754,1.627894,1.387319,1.972049,-0.3101415,0.5860629,0.04954461,0.3553603,3.968684,3
0.476265,1.438053,1.31332,1.877658,-0.3206366,0.6175057,0.06900068,0.3116726,5.537874,3
0.706587,0.3965342,0.3903686,0.6519966,-0.1606315,0.337369,0.05835944,0.1402724,0.09210303,3
0.1492099,1.031116,1.1351,1.470921,-0.05205281,0.193532,-0.01107725,-0.5330749,1.061161,3
0.6809728,0.03599724,0.4600523,1.067858,-0.3786896,0.4115886,0.09390338,0.1137792,0.01044076,3
0.9367751,0.9866012,1.066489,1.682831,-0.469518,0.7345843,0.2848505,0.3083587,2.452497,3
1.954841,0.7689669,1.386023,1.685336,-1.121162,1.049705,-7.571325,0.5522811,-1.353489,3
1.194105,0.9433677,0.9026116,1.965466,-0.1825942,0.2713661,0.4058585,-0.03358447,0.1524905,3
1.106178,1.239058,1.362412,1.463804,-0.5137831,0.8396176,1.283677,0.1986905,0.2811174,3
0.9463155,1.334637,1.307303,1.22426,-0.5730059,1.036259,-0.1265426,0.497694,1.57925,3
0.9482375,0.2032643,0.9738685,0.6572782,-0.863035,1.216999,-0.3192381,0.0005346996,1.732559,3
1.731111,0.2499981,0.7819982,0.7186499,-0.7542318,1.230978,0.05062018,-0.08353952,6.08106,3
1.514292,0.2873427,0.5811438,1.279216,-0.9217732,0.8641479,0.3139336,0.25194,0.3245032,3
1.593495,0.2974716,0.5914052,1.924782,-0.7226288,0.7589858,-0.7754114,0.1612109,-0.1092078,3
0.03085112,1.406527,1.274287,0.2165139,0.1700516,0.4129871,-0.2662375,0.1902337,2.498348,3
1.011411,0.1715441,1.360674,1.655107,-0.9016144,0.9779295,0.9310764,0.4571558,-16.57678,3
1.710384,-0.5621409,0.5828724,0.4496991,-1.2335,1.186821,-0.193319,0.02998149,2.133452,3
1.542677,0.3996339,0.3571257,0.3319837,-0.4220991,0.7123166,0.1262254,0.3204713,-1.453005,3
1.175773,1.146783,1.158596,0.3951058,-1.067603,0.9150501,-0.9400254,0.5048996,-0.7579987,3
0.2655583,1.158044,1.183877,1.874586,0.2855587,0.2908214,-0.1003025,0.63297,0.4432105,3
0.4628285,0.8921696,1.10651,1.558051,-0.3462882,0.7238162,0.01793362,0.2235541,-3.582792,3
